"productid","orderdate","totalorderqty"
707,"2011-05-31",24
708,"2011-05-31",27
709,"2011-05-31",38
710,"2011-05-31",5
711,"2011-05-31",33
712,"2011-05-31",40
714,"2011-05-31",16
715,"2011-05-31",49
716,"2011-05-31",19
722,"2011-05-31",8
725,"2011-05-31",15
726,"2011-05-31",9
729,"2011-05-31",16
730,"2011-05-31",14
732,"2011-05-31",16
733,"2011-05-31",4
738,"2011-05-31",19
741,"2011-05-31",2
742,"2011-05-31",3
743,"2011-05-31",1
745,"2011-05-31",1
747,"2011-05-31",4
748,"2011-05-31",2
749,"2011-05-31",3
753,"2011-05-31",14
754,"2011-05-31",27
755,"2011-05-31",11
756,"2011-05-31",14
758,"2011-05-31",46
760,"2011-05-31",43
761,"2011-05-31",19
762,"2011-05-31",44
763,"2011-05-31",20
764,"2011-05-31",14
765,"2011-05-31",30
766,"2011-05-31",11
768,"2011-05-31",13
770,"2011-05-31",29
771,"2011-05-31",10
772,"2011-05-31",5
773,"2011-05-31",14
774,"2011-05-31",7
775,"2011-05-31",22
776,"2011-05-31",16
777,"2011-05-31",23
778,"2011-05-31",20
707,"2011-07-01",58
708,"2011-07-01",56
709,"2011-07-01",134
710,"2011-07-01",13
711,"2011-07-01",64
712,"2011-07-01",103
714,"2011-07-01",37
715,"2011-07-01",114
716,"2011-07-01",48
722,"2011-07-01",20
725,"2011-07-01",38
726,"2011-07-01",19
729,"2011-07-01",41
730,"2011-07-01",13
732,"2011-07-01",26
733,"2011-07-01",8
738,"2011-07-01",39
741,"2011-07-01",14
742,"2011-07-01",15
743,"2011-07-01",13
745,"2011-07-01",19
747,"2011-07-01",14
748,"2011-07-01",20
749,"2011-07-01",9
753,"2011-07-01",38
754,"2011-07-01",54
755,"2011-07-01",22
756,"2011-07-01",21
758,"2011-07-01",72
760,"2011-07-01",69
761,"2011-07-01",61
762,"2011-07-01",64
763,"2011-07-01",53
764,"2011-07-01",15
765,"2011-07-01",47
766,"2011-07-01",15
768,"2011-07-01",16
770,"2011-07-01",83
771,"2011-07-01",71
772,"2011-07-01",56
773,"2011-07-01",56
774,"2011-07-01",40
775,"2011-07-01",68
776,"2011-07-01",76
777,"2011-07-01",62
778,"2011-07-01",59
707,"2011-08-01",55
708,"2011-08-01",57
709,"2011-08-01",79
710,"2011-08-01",6
711,"2011-08-01",49
712,"2011-08-01",83
714,"2011-08-01",35
715,"2011-08-01",72
716,"2011-08-01",40
722,"2011-08-01",7
725,"2011-08-01",29
726,"2011-08-01",7
729,"2011-08-01",25
730,"2011-08-01",8
732,"2011-08-01",14
733,"2011-08-01",8
738,"2011-08-01",24
741,"2011-08-01",17
742,"2011-08-01",18
743,"2011-08-01",21
745,"2011-08-01",16
747,"2011-08-01",17
748,"2011-08-01",13
749,"2011-08-01",10
753,"2011-08-01",25
754,"2011-08-01",37
755,"2011-08-01",27
756,"2011-08-01",21
758,"2011-08-01",43
760,"2011-08-01",46
761,"2011-08-01",36
762,"2011-08-01",49
763,"2011-08-01",32
764,"2011-08-01",14
765,"2011-08-01",27
766,"2011-08-01",17
768,"2011-08-01",14
770,"2011-08-01",44
771,"2011-08-01",52
772,"2011-08-01",49
773,"2011-08-01",48
774,"2011-08-01",36
775,"2011-08-01",49
776,"2011-08-01",39
777,"2011-08-01",54
778,"2011-08-01",43
707,"2011-08-31",41
708,"2011-08-31",29
709,"2011-08-31",88
710,"2011-08-31",13
711,"2011-08-31",26
712,"2011-08-31",54
714,"2011-08-31",30
715,"2011-08-31",41
716,"2011-08-31",25
717,"2011-08-31",5
718,"2011-08-31",5
722,"2011-08-31",16
725,"2011-08-31",24
726,"2011-08-31",11
727,"2011-08-31",1
729,"2011-08-31",19
730,"2011-08-31",15
732,"2011-08-31",11
733,"2011-08-31",9
736,"2011-08-31",4
738,"2011-08-31",20
739,"2011-08-31",6
741,"2011-08-31",7
742,"2011-08-31",3
743,"2011-08-31",7
744,"2011-08-31",3
745,"2011-08-31",2
748,"2011-08-31",8
749,"2011-08-31",21
750,"2011-08-31",10
751,"2011-08-31",10
752,"2011-08-31",8
753,"2011-08-31",24
754,"2011-08-31",26
755,"2011-08-31",22
756,"2011-08-31",19
757,"2011-08-31",9
758,"2011-08-31",34
759,"2011-08-31",4
760,"2011-08-31",37
761,"2011-08-31",33
762,"2011-08-31",36
763,"2011-08-31",40
764,"2011-08-31",20
765,"2011-08-31",43
766,"2011-08-31",30
767,"2011-08-31",13
768,"2011-08-31",25
769,"2011-08-31",18
770,"2011-08-31",51
771,"2011-08-31",22
772,"2011-08-31",16
773,"2011-08-31",24
774,"2011-08-31",21
775,"2011-08-31",32
776,"2011-08-31",29
777,"2011-08-31",24
778,"2011-08-31",18
707,"2011-10-01",77
708,"2011-10-01",90
709,"2011-10-01",123
710,"2011-10-01",19
711,"2011-10-01",105
712,"2011-10-01",136
714,"2011-10-01",57
715,"2011-10-01",126
716,"2011-10-01",64
717,"2011-10-01",3
718,"2011-10-01",2
722,"2011-10-01",37
725,"2011-10-01",41
726,"2011-10-01",40
727,"2011-10-01",1
729,"2011-10-01",40
730,"2011-10-01",32
732,"2011-10-01",39
733,"2011-10-01",15
736,"2011-10-01",3
738,"2011-10-01",43
739,"2011-10-01",4
741,"2011-10-01",22
742,"2011-10-01",17
743,"2011-10-01",22
744,"2011-10-01",3
745,"2011-10-01",17
747,"2011-10-01",12
748,"2011-10-01",24
749,"2011-10-01",41
750,"2011-10-01",23
751,"2011-10-01",23
752,"2011-10-01",26
753,"2011-10-01",48
754,"2011-10-01",82
755,"2011-10-01",47
756,"2011-10-01",46
757,"2011-10-01",29
758,"2011-10-01",87
759,"2011-10-01",31
760,"2011-10-01",86
761,"2011-10-01",73
762,"2011-10-01",63
763,"2011-10-01",67
764,"2011-10-01",45
765,"2011-10-01",68
766,"2011-10-01",42
767,"2011-10-01",35
768,"2011-10-01",42
769,"2011-10-01",30
770,"2011-10-01",87
771,"2011-10-01",86
772,"2011-10-01",92
773,"2011-10-01",66
774,"2011-10-01",66
775,"2011-10-01",78
776,"2011-10-01",71
777,"2011-10-01",92
778,"2011-10-01",77
707,"2011-10-31",64
708,"2011-10-31",72
709,"2011-10-31",101
710,"2011-10-31",10
711,"2011-10-31",76
712,"2011-10-31",104
714,"2011-10-31",44
715,"2011-10-31",113
716,"2011-10-31",53
717,"2011-10-31",5
718,"2011-10-31",4
722,"2011-10-31",20
723,"2011-10-31",1
725,"2011-10-31",26
726,"2011-10-31",23
727,"2011-10-31",3
729,"2011-10-31",30
730,"2011-10-31",30
732,"2011-10-31",31
733,"2011-10-31",11
736,"2011-10-31",6
738,"2011-10-31",26
739,"2011-10-31",3
741,"2011-10-31",23
742,"2011-10-31",15
743,"2011-10-31",23
744,"2011-10-31",3
745,"2011-10-31",16
747,"2011-10-31",23
748,"2011-10-31",22
749,"2011-10-31",25
750,"2011-10-31",19
751,"2011-10-31",19
752,"2011-10-31",18
753,"2011-10-31",29
754,"2011-10-31",55
755,"2011-10-31",32
756,"2011-10-31",36
757,"2011-10-31",14
758,"2011-10-31",70
759,"2011-10-31",18
760,"2011-10-31",67
761,"2011-10-31",56
762,"2011-10-31",91
763,"2011-10-31",52
764,"2011-10-31",30
765,"2011-10-31",48
766,"2011-10-31",23
767,"2011-10-31",16
768,"2011-10-31",26
769,"2011-10-31",15
770,"2011-10-31",52
771,"2011-10-31",48
772,"2011-10-31",45
773,"2011-10-31",60
774,"2011-10-31",55
775,"2011-10-31",63
776,"2011-10-31",66
777,"2011-10-31",60
778,"2011-10-31",56
707,"2011-12-01",12
708,"2011-12-01",10
709,"2011-12-01",45
711,"2011-12-01",7
712,"2011-12-01",25
714,"2011-12-01",9
715,"2011-12-01",29
716,"2011-12-01",6
722,"2011-12-01",4
725,"2011-12-01",12
726,"2011-12-01",5
729,"2011-12-01",10
730,"2011-12-01",7
732,"2011-12-01",10
738,"2011-12-01",10
741,"2011-12-01",5
742,"2011-12-01",3
743,"2011-12-01",1
745,"2011-12-01",1
747,"2011-12-01",3
748,"2011-12-01",2
749,"2011-12-01",14
750,"2011-12-01",8
751,"2011-12-01",6
752,"2011-12-01",9
753,"2011-12-01",18
754,"2011-12-01",29
755,"2011-12-01",18
756,"2011-12-01",23
757,"2011-12-01",6
758,"2011-12-01",37
759,"2011-12-01",11
760,"2011-12-01",30
761,"2011-12-01",30
762,"2011-12-01",39
763,"2011-12-01",29
764,"2011-12-01",22
765,"2011-12-01",38
766,"2011-12-01",17
767,"2011-12-01",9
768,"2011-12-01",17
769,"2011-12-01",7
770,"2011-12-01",49
771,"2011-12-01",23
772,"2011-12-01",14
773,"2011-12-01",29
774,"2011-12-01",21
775,"2011-12-01",21
776,"2011-12-01",17
777,"2011-12-01",23
778,"2011-12-01",22
707,"2012-01-01",31
708,"2012-01-01",32
709,"2012-01-01",102
711,"2012-01-01",44
712,"2012-01-01",97
714,"2012-01-01",36
715,"2012-01-01",81
716,"2012-01-01",38
722,"2012-01-01",10
725,"2012-01-01",13
726,"2012-01-01",9
729,"2012-01-01",23
730,"2012-01-01",4
732,"2012-01-01",13
738,"2012-01-01",11
741,"2012-01-01",12
742,"2012-01-01",11
743,"2012-01-01",15
745,"2012-01-01",13
747,"2012-01-01",13
748,"2012-01-01",18
749,"2012-01-01",31
750,"2012-01-01",27
751,"2012-01-01",28
752,"2012-01-01",29
753,"2012-01-01",42
754,"2012-01-01",49
755,"2012-01-01",38
756,"2012-01-01",42
757,"2012-01-01",30
758,"2012-01-01",79
759,"2012-01-01",24
760,"2012-01-01",73
761,"2012-01-01",75
762,"2012-01-01",79
763,"2012-01-01",65
764,"2012-01-01",42
765,"2012-01-01",47
766,"2012-01-01",41
767,"2012-01-01",30
768,"2012-01-01",41
769,"2012-01-01",26
770,"2012-01-01",70
771,"2012-01-01",59
772,"2012-01-01",65
773,"2012-01-01",60
774,"2012-01-01",51
775,"2012-01-01",72
776,"2012-01-01",58
777,"2012-01-01",61
778,"2012-01-01",72
707,"2012-01-29",30
708,"2012-01-29",33
709,"2012-01-29",79
711,"2012-01-29",46
712,"2012-01-29",56
714,"2012-01-29",28
715,"2012-01-29",74
716,"2012-01-29",29
722,"2012-01-29",3
725,"2012-01-29",16
726,"2012-01-29",7
729,"2012-01-29",16
730,"2012-01-29",10
732,"2012-01-29",12
738,"2012-01-29",22
741,"2012-01-29",14
742,"2012-01-29",9
743,"2012-01-29",16
745,"2012-01-29",11
747,"2012-01-29",8
748,"2012-01-29",15
749,"2012-01-29",23
750,"2012-01-29",17
751,"2012-01-29",18
752,"2012-01-29",14
753,"2012-01-29",29
754,"2012-01-29",60
755,"2012-01-29",31
756,"2012-01-29",22
757,"2012-01-29",16
758,"2012-01-29",51
759,"2012-01-29",17
760,"2012-01-29",64
761,"2012-01-29",33
762,"2012-01-29",49
763,"2012-01-29",44
764,"2012-01-29",23
765,"2012-01-29",53
766,"2012-01-29",29
767,"2012-01-29",13
768,"2012-01-29",29
769,"2012-01-29",19
770,"2012-01-29",48
771,"2012-01-29",54
772,"2012-01-29",53
773,"2012-01-29",44
774,"2012-01-29",42
775,"2012-01-29",57
776,"2012-01-29",57
777,"2012-01-29",60
778,"2012-01-29",39
707,"2012-02-29",27
708,"2012-02-29",28
709,"2012-02-29",78
710,"2012-02-29",6
711,"2012-02-29",33
712,"2012-02-29",48
714,"2012-02-29",29
715,"2012-02-29",44
716,"2012-02-29",29
717,"2012-02-29",7
718,"2012-02-29",6
722,"2012-02-29",18
725,"2012-02-29",17
726,"2012-02-29",12
727,"2012-02-29",1
729,"2012-02-29",21
730,"2012-02-29",10
732,"2012-02-29",19
733,"2012-02-29",8
736,"2012-02-29",6
738,"2012-02-29",13
739,"2012-02-29",3
741,"2012-02-29",7
742,"2012-02-29",1
743,"2012-02-29",12
744,"2012-02-29",3
745,"2012-02-29",2
748,"2012-02-29",7
749,"2012-02-29",17
750,"2012-02-29",10
751,"2012-02-29",9
752,"2012-02-29",8
753,"2012-02-29",26
754,"2012-02-29",39
755,"2012-02-29",20
756,"2012-02-29",23
757,"2012-02-29",6
758,"2012-02-29",46
759,"2012-02-29",6
760,"2012-02-29",43
761,"2012-02-29",44
762,"2012-02-29",57
763,"2012-02-29",33
764,"2012-02-29",20
765,"2012-02-29",37
766,"2012-02-29",27
767,"2012-02-29",10
768,"2012-02-29",26
769,"2012-02-29",12
770,"2012-02-29",53
771,"2012-02-29",23
772,"2012-02-29",25
773,"2012-02-29",19
774,"2012-02-29",29
775,"2012-02-29",28
776,"2012-02-29",26
777,"2012-02-29",23
778,"2012-02-29",20
707,"2012-03-30",93
708,"2012-03-30",92
709,"2012-03-30",135
710,"2012-03-30",14
711,"2012-03-30",92
712,"2012-03-30",125
714,"2012-03-30",70
715,"2012-03-30",135
716,"2012-03-30",76
717,"2012-03-30",6
718,"2012-03-30",9
722,"2012-03-30",25
725,"2012-03-30",36
726,"2012-03-30",39
727,"2012-03-30",1
729,"2012-03-30",42
730,"2012-03-30",42
732,"2012-03-30",35
733,"2012-03-30",14
736,"2012-03-30",5
738,"2012-03-30",43
739,"2012-03-30",6
741,"2012-03-30",26
742,"2012-03-30",16
743,"2012-03-30",30
744,"2012-03-30",2
745,"2012-03-30",18
747,"2012-03-30",14
748,"2012-03-30",21
749,"2012-03-30",42
750,"2012-03-30",25
751,"2012-03-30",28
752,"2012-03-30",25
753,"2012-03-30",52
754,"2012-03-30",59
755,"2012-03-30",50
756,"2012-03-30",46
757,"2012-03-30",30
758,"2012-03-30",81
759,"2012-03-30",28
760,"2012-03-30",97
761,"2012-03-30",76
762,"2012-03-30",68
763,"2012-03-30",75
764,"2012-03-30",47
765,"2012-03-30",74
766,"2012-03-30",40
767,"2012-03-30",34
768,"2012-03-30",38
769,"2012-03-30",32
770,"2012-03-30",66
771,"2012-03-30",71
772,"2012-03-30",78
773,"2012-03-30",83
774,"2012-03-30",61
775,"2012-03-30",73
776,"2012-03-30",74
777,"2012-03-30",78
778,"2012-03-30",72
707,"2012-04-30",52
708,"2012-04-30",74
709,"2012-04-30",105
710,"2012-04-30",4
711,"2012-04-30",86
712,"2012-04-30",114
714,"2012-04-30",46
715,"2012-04-30",113
716,"2012-04-30",47
717,"2012-04-30",4
718,"2012-04-30",1
722,"2012-04-30",23
725,"2012-04-30",36
726,"2012-04-30",22
729,"2012-04-30",26
730,"2012-04-30",21
732,"2012-04-30",24
733,"2012-04-30",13
736,"2012-04-30",2
738,"2012-04-30",33
739,"2012-04-30",2
741,"2012-04-30",24
742,"2012-04-30",16
743,"2012-04-30",16
744,"2012-04-30",3
745,"2012-04-30",15
747,"2012-04-30",21
748,"2012-04-30",29
749,"2012-04-30",28
750,"2012-04-30",17
751,"2012-04-30",15
752,"2012-04-30",19
753,"2012-04-30",24
754,"2012-04-30",65
755,"2012-04-30",32
756,"2012-04-30",33
757,"2012-04-30",16
758,"2012-04-30",64
759,"2012-04-30",18
760,"2012-04-30",49
761,"2012-04-30",39
762,"2012-04-30",66
763,"2012-04-30",51
764,"2012-04-30",30
765,"2012-04-30",48
766,"2012-04-30",27
767,"2012-04-30",15
768,"2012-04-30",27
769,"2012-04-30",21
770,"2012-04-30",72
771,"2012-04-30",65
772,"2012-04-30",53
773,"2012-04-30",49
774,"2012-04-30",40
775,"2012-04-30",70
776,"2012-04-30",60
777,"2012-04-30",58
778,"2012-04-30",61
707,"2012-05-30",162
708,"2012-05-30",153
711,"2012-05-30",177
712,"2012-05-30",215
714,"2012-05-30",128
715,"2012-05-30",214
716,"2012-05-30",144
717,"2012-05-30",37
718,"2012-05-30",46
719,"2012-05-30",13
722,"2012-05-30",42
723,"2012-05-30",24
725,"2012-05-30",77
726,"2012-05-30",37
727,"2012-05-30",26
729,"2012-05-30",81
730,"2012-05-30",49
736,"2012-05-30",23
738,"2012-05-30",94
739,"2012-05-30",28
742,"2012-05-30",14
743,"2012-05-30",52
747,"2012-05-30",17
748,"2012-05-30",42
759,"2012-05-30",32
760,"2012-05-30",130
761,"2012-05-30",103
762,"2012-05-30",135
763,"2012-05-30",130
764,"2012-05-30",69
765,"2012-05-30",114
766,"2012-05-30",65
767,"2012-05-30",25
768,"2012-05-30",69
769,"2012-05-30",33
770,"2012-05-30",150
779,"2012-05-30",74
780,"2012-05-30",71
781,"2012-05-30",68
782,"2012-05-30",83
783,"2012-05-30",82
784,"2012-05-30",71
785,"2012-05-30",67
786,"2012-05-30",56
787,"2012-05-30",58
788,"2012-05-30",67
789,"2012-05-30",70
790,"2012-05-30",62
791,"2012-05-30",37
792,"2012-05-30",19
793,"2012-05-30",65
794,"2012-05-30",51
795,"2012-05-30",38
796,"2012-05-30",19
797,"2012-05-30",71
798,"2012-05-30",49
799,"2012-05-30",39
800,"2012-05-30",15
801,"2012-05-30",76
802,"2012-05-30",15
804,"2012-05-30",24
805,"2012-05-30",10
806,"2012-05-30",23
807,"2012-05-30",13
808,"2012-05-30",47
809,"2012-05-30",65
810,"2012-05-30",31
811,"2012-05-30",17
813,"2012-05-30",44
814,"2012-05-30",37
815,"2012-05-30",57
816,"2012-05-30",34
817,"2012-05-30",30
819,"2012-05-30",70
820,"2012-05-30",67
822,"2012-05-30",56
823,"2012-05-30",48
824,"2012-05-30",62
825,"2012-05-30",69
826,"2012-05-30",57
827,"2012-05-30",10
828,"2012-05-30",17
830,"2012-05-30",17
831,"2012-05-30",49
832,"2012-05-30",89
833,"2012-05-30",17
835,"2012-05-30",95
836,"2012-05-30",41
838,"2012-05-30",36
839,"2012-05-30",14
841,"2012-05-30",46
843,"2012-05-30",107
844,"2012-05-30",122
849,"2012-05-30",142
850,"2012-05-30",46
852,"2012-05-30",202
853,"2012-05-30",34
854,"2012-05-30",189
855,"2012-05-30",90
856,"2012-05-30",152
857,"2012-05-30",80
858,"2012-05-30",50
859,"2012-05-30",102
860,"2012-05-30",35
861,"2012-05-30",42
862,"2012-05-30",187
863,"2012-05-30",357
707,"2012-06-30",214
708,"2012-06-30",238
711,"2012-06-30",243
712,"2012-06-30",345
714,"2012-06-30",212
715,"2012-06-30",334
716,"2012-06-30",161
717,"2012-06-30",60
718,"2012-06-30",55
719,"2012-06-30",20
722,"2012-06-30",71
723,"2012-06-30",26
725,"2012-06-30",129
726,"2012-06-30",79
727,"2012-06-30",27
729,"2012-06-30",101
730,"2012-06-30",76
736,"2012-06-30",25
738,"2012-06-30",116
739,"2012-06-30",47
742,"2012-06-30",32
743,"2012-06-30",65
747,"2012-06-30",28
748,"2012-06-30",72
759,"2012-06-30",64
760,"2012-06-30",148
761,"2012-06-30",131
762,"2012-06-30",169
763,"2012-06-30",144
764,"2012-06-30",91
765,"2012-06-30",137
766,"2012-06-30",77
767,"2012-06-30",76
768,"2012-06-30",84
769,"2012-06-30",68
770,"2012-06-30",168
779,"2012-06-30",112
780,"2012-06-30",130
781,"2012-06-30",137
782,"2012-06-30",132
783,"2012-06-30",120
784,"2012-06-30",79
785,"2012-06-30",66
786,"2012-06-30",86
787,"2012-06-30",89
788,"2012-06-30",72
789,"2012-06-30",90
790,"2012-06-30",88
791,"2012-06-30",76
792,"2012-06-30",49
793,"2012-06-30",88
794,"2012-06-30",86
795,"2012-06-30",57
796,"2012-06-30",39
797,"2012-06-30",89
798,"2012-06-30",90
799,"2012-06-30",74
800,"2012-06-30",43
801,"2012-06-30",84
802,"2012-06-30",25
804,"2012-06-30",64
805,"2012-06-30",31
806,"2012-06-30",99
807,"2012-06-30",30
808,"2012-06-30",84
809,"2012-06-30",104
810,"2012-06-30",47
811,"2012-06-30",50
813,"2012-06-30",68
814,"2012-06-30",59
815,"2012-06-30",124
816,"2012-06-30",53
817,"2012-06-30",63
819,"2012-06-30",104
820,"2012-06-30",105
822,"2012-06-30",71
823,"2012-06-30",79
824,"2012-06-30",118
825,"2012-06-30",120
826,"2012-06-30",127
827,"2012-06-30",25
828,"2012-06-30",40
830,"2012-06-30",24
831,"2012-06-30",84
832,"2012-06-30",133
833,"2012-06-30",24
835,"2012-06-30",123
836,"2012-06-30",78
838,"2012-06-30",70
839,"2012-06-30",18
841,"2012-06-30",53
843,"2012-06-30",168
844,"2012-06-30",173
849,"2012-06-30",150
850,"2012-06-30",41
852,"2012-06-30",287
853,"2012-06-30",58
854,"2012-06-30",273
855,"2012-06-30",139
856,"2012-06-30",243
857,"2012-06-30",108
858,"2012-06-30",53
859,"2012-06-30",128
860,"2012-06-30",49
861,"2012-06-30",85
862,"2012-06-30",274
863,"2012-06-30",409
707,"2012-07-31",197
708,"2012-07-31",197
711,"2012-07-31",188
712,"2012-07-31",230
714,"2012-07-31",125
715,"2012-07-31",273
716,"2012-07-31",135
717,"2012-07-31",50
718,"2012-07-31",49
719,"2012-07-31",15
722,"2012-07-31",50
723,"2012-07-31",17
725,"2012-07-31",85
726,"2012-07-31",47
727,"2012-07-31",14
729,"2012-07-31",107
730,"2012-07-31",37
736,"2012-07-31",23
738,"2012-07-31",81
739,"2012-07-31",30
742,"2012-07-31",26
743,"2012-07-31",61
747,"2012-07-31",27
748,"2012-07-31",65
759,"2012-07-31",33
760,"2012-07-31",150
761,"2012-07-31",113
762,"2012-07-31",126
763,"2012-07-31",79
764,"2012-07-31",54
765,"2012-07-31",97
766,"2012-07-31",68
767,"2012-07-31",33
768,"2012-07-31",57
769,"2012-07-31",33
770,"2012-07-31",113
779,"2012-07-31",106
780,"2012-07-31",113
781,"2012-07-31",106
782,"2012-07-31",130
783,"2012-07-31",134
784,"2012-07-31",86
785,"2012-07-31",47
786,"2012-07-31",87
787,"2012-07-31",72
788,"2012-07-31",83
789,"2012-07-31",67
790,"2012-07-31",51
791,"2012-07-31",40
792,"2012-07-31",18
793,"2012-07-31",71
794,"2012-07-31",64
795,"2012-07-31",58
796,"2012-07-31",27
797,"2012-07-31",70
798,"2012-07-31",65
799,"2012-07-31",40
800,"2012-07-31",28
801,"2012-07-31",70
802,"2012-07-31",32
804,"2012-07-31",56
805,"2012-07-31",27
806,"2012-07-31",92
807,"2012-07-31",29
808,"2012-07-31",73
809,"2012-07-31",105
810,"2012-07-31",44
811,"2012-07-31",44
813,"2012-07-31",47
814,"2012-07-31",45
815,"2012-07-31",83
816,"2012-07-31",48
817,"2012-07-31",42
819,"2012-07-31",60
820,"2012-07-31",63
822,"2012-07-31",36
823,"2012-07-31",69
824,"2012-07-31",110
825,"2012-07-31",104
826,"2012-07-31",81
827,"2012-07-31",29
828,"2012-07-31",35
830,"2012-07-31",27
831,"2012-07-31",79
832,"2012-07-31",119
833,"2012-07-31",30
835,"2012-07-31",99
836,"2012-07-31",44
838,"2012-07-31",40
839,"2012-07-31",16
841,"2012-07-31",60
843,"2012-07-31",149
844,"2012-07-31",137
849,"2012-07-31",132
850,"2012-07-31",62
852,"2012-07-31",225
853,"2012-07-31",54
854,"2012-07-31",200
855,"2012-07-31",120
856,"2012-07-31",226
857,"2012-07-31",90
858,"2012-07-31",46
859,"2012-07-31",114
860,"2012-07-31",52
861,"2012-07-31",74
862,"2012-07-31",254
863,"2012-07-31",347
707,"2012-08-30",108
708,"2012-08-30",134
711,"2012-08-30",128
712,"2012-08-30",154
714,"2012-08-30",95
715,"2012-08-30",154
716,"2012-08-30",83
717,"2012-08-30",16
718,"2012-08-30",10
722,"2012-08-30",36
725,"2012-08-30",45
726,"2012-08-30",38
727,"2012-08-30",6
729,"2012-08-30",45
730,"2012-08-30",20
736,"2012-08-30",12
738,"2012-08-30",44
739,"2012-08-30",5
742,"2012-08-30",15
743,"2012-08-30",28
747,"2012-08-30",18
748,"2012-08-30",30
759,"2012-08-30",16
760,"2012-08-30",109
761,"2012-08-30",105
762,"2012-08-30",105
763,"2012-08-30",84
764,"2012-08-30",44
765,"2012-08-30",106
766,"2012-08-30",59
767,"2012-08-30",23
768,"2012-08-30",51
769,"2012-08-30",23
770,"2012-08-30",110
779,"2012-08-30",52
780,"2012-08-30",69
781,"2012-08-30",61
782,"2012-08-30",60
783,"2012-08-30",61
784,"2012-08-30",49
785,"2012-08-30",49
786,"2012-08-30",56
787,"2012-08-30",58
788,"2012-08-30",57
789,"2012-08-30",52
790,"2012-08-30",40
791,"2012-08-30",24
792,"2012-08-30",14
793,"2012-08-30",61
794,"2012-08-30",46
795,"2012-08-30",26
796,"2012-08-30",12
797,"2012-08-30",55
798,"2012-08-30",36
799,"2012-08-30",23
800,"2012-08-30",21
801,"2012-08-30",68
802,"2012-08-30",12
804,"2012-08-30",22
805,"2012-08-30",3
806,"2012-08-30",53
807,"2012-08-30",15
808,"2012-08-30",19
809,"2012-08-30",54
810,"2012-08-30",24
813,"2012-08-30",20
814,"2012-08-30",32
815,"2012-08-30",30
816,"2012-08-30",20
817,"2012-08-30",16
819,"2012-08-30",41
820,"2012-08-30",42
822,"2012-08-30",41
823,"2012-08-30",25
824,"2012-08-30",44
825,"2012-08-30",55
826,"2012-08-30",67
831,"2012-08-30",51
832,"2012-08-30",72
833,"2012-08-30",8
835,"2012-08-30",48
836,"2012-08-30",24
838,"2012-08-30",6
841,"2012-08-30",43
843,"2012-08-30",64
844,"2012-08-30",65
849,"2012-08-30",104
850,"2012-08-30",41
852,"2012-08-30",159
853,"2012-08-30",33
854,"2012-08-30",173
855,"2012-08-30",49
856,"2012-08-30",109
857,"2012-08-30",40
858,"2012-08-30",37
859,"2012-08-30",69
860,"2012-08-30",14
861,"2012-08-30",35
862,"2012-08-30",144
863,"2012-08-30",223
707,"2012-09-30",147
708,"2012-09-30",153
711,"2012-09-30",178
712,"2012-09-30",224
714,"2012-09-30",115
715,"2012-09-30",245
716,"2012-09-30",115
717,"2012-09-30",21
718,"2012-09-30",21
722,"2012-09-30",53
725,"2012-09-30",75
726,"2012-09-30",52
727,"2012-09-30",5
729,"2012-09-30",67
730,"2012-09-30",56
736,"2012-09-30",6
738,"2012-09-30",74
739,"2012-09-30",13
742,"2012-09-30",24
743,"2012-09-30",50
747,"2012-09-30",29
748,"2012-09-30",61
759,"2012-09-30",52
760,"2012-09-30",135
761,"2012-09-30",114
762,"2012-09-30",141
763,"2012-09-30",138
764,"2012-09-30",85
765,"2012-09-30",121
766,"2012-09-30",59
767,"2012-09-30",55
768,"2012-09-30",67
769,"2012-09-30",51
770,"2012-09-30",159
779,"2012-09-30",92
780,"2012-09-30",105
781,"2012-09-30",90
782,"2012-09-30",137
783,"2012-09-30",145
784,"2012-09-30",81
785,"2012-09-30",66
786,"2012-09-30",76
787,"2012-09-30",66
788,"2012-09-30",65
789,"2012-09-30",93
790,"2012-09-30",66
791,"2012-09-30",76
792,"2012-09-30",48
793,"2012-09-30",75
794,"2012-09-30",72
795,"2012-09-30",63
796,"2012-09-30",50
797,"2012-09-30",81
798,"2012-09-30",79
799,"2012-09-30",79
800,"2012-09-30",46
801,"2012-09-30",76
802,"2012-09-30",22
804,"2012-09-30",55
805,"2012-09-30",16
806,"2012-09-30",58
807,"2012-09-30",25
808,"2012-09-30",29
809,"2012-09-30",75
810,"2012-09-30",26
813,"2012-09-30",36
814,"2012-09-30",69
815,"2012-09-30",58
816,"2012-09-30",20
817,"2012-09-30",19
819,"2012-09-30",67
820,"2012-09-30",76
822,"2012-09-30",62
823,"2012-09-30",34
824,"2012-09-30",84
825,"2012-09-30",87
826,"2012-09-30",107
831,"2012-09-30",73
832,"2012-09-30",85
833,"2012-09-30",14
835,"2012-09-30",90
836,"2012-09-30",65
838,"2012-09-30",23
841,"2012-09-30",63
843,"2012-09-30",108
844,"2012-09-30",114
849,"2012-09-30",124
850,"2012-09-30",54
852,"2012-09-30",234
853,"2012-09-30",49
854,"2012-09-30",228
855,"2012-09-30",44
856,"2012-09-30",120
857,"2012-09-30",46
858,"2012-09-30",43
859,"2012-09-30",82
860,"2012-09-30",17
861,"2012-09-30",37
862,"2012-09-30",218
863,"2012-09-30",331
707,"2012-10-30",113
708,"2012-10-30",135
711,"2012-10-30",143
712,"2012-10-30",220
714,"2012-10-30",117
715,"2012-10-30",212
716,"2012-10-30",100
717,"2012-10-30",11
718,"2012-10-30",17
722,"2012-10-30",31
725,"2012-10-30",43
726,"2012-10-30",40
727,"2012-10-30",6
729,"2012-10-30",51
730,"2012-10-30",62
736,"2012-10-30",10
738,"2012-10-30",45
739,"2012-10-30",19
742,"2012-10-30",33
743,"2012-10-30",52
747,"2012-10-30",25
748,"2012-10-30",42
759,"2012-10-30",18
760,"2012-10-30",124
761,"2012-10-30",92
762,"2012-10-30",119
763,"2012-10-30",87
764,"2012-10-30",52
765,"2012-10-30",81
766,"2012-10-30",54
767,"2012-10-30",20
768,"2012-10-30",52
769,"2012-10-30",24
770,"2012-10-30",96
779,"2012-10-30",71
780,"2012-10-30",95
781,"2012-10-30",105
782,"2012-10-30",102
783,"2012-10-30",91
784,"2012-10-30",57
785,"2012-10-30",61
786,"2012-10-30",69
787,"2012-10-30",61
788,"2012-10-30",56
789,"2012-10-30",45
790,"2012-10-30",48
791,"2012-10-30",34
792,"2012-10-30",24
793,"2012-10-30",54
794,"2012-10-30",36
795,"2012-10-30",45
796,"2012-10-30",24
797,"2012-10-30",62
798,"2012-10-30",41
799,"2012-10-30",32
800,"2012-10-30",19
801,"2012-10-30",56
802,"2012-10-30",31
804,"2012-10-30",52
805,"2012-10-30",8
806,"2012-10-30",60
807,"2012-10-30",32
808,"2012-10-30",24
809,"2012-10-30",49
810,"2012-10-30",19
813,"2012-10-30",36
814,"2012-10-30",40
815,"2012-10-30",53
816,"2012-10-30",22
817,"2012-10-30",11
819,"2012-10-30",37
820,"2012-10-30",38
822,"2012-10-30",39
823,"2012-10-30",18
824,"2012-10-30",81
825,"2012-10-30",67
826,"2012-10-30",56
831,"2012-10-30",47
832,"2012-10-30",80
833,"2012-10-30",14
835,"2012-10-30",55
836,"2012-10-30",48
838,"2012-10-30",19
841,"2012-10-30",43
843,"2012-10-30",80
844,"2012-10-30",90
849,"2012-10-30",125
850,"2012-10-30",49
852,"2012-10-30",176
853,"2012-10-30",50
854,"2012-10-30",168
855,"2012-10-30",56
856,"2012-10-30",132
857,"2012-10-30",59
858,"2012-10-30",52
859,"2012-10-30",68
860,"2012-10-30",13
861,"2012-10-30",34
862,"2012-10-30",202
863,"2012-10-30",275
707,"2012-11-30",50
708,"2012-11-30",50
711,"2012-11-30",67
712,"2012-11-30",85
714,"2012-11-30",37
715,"2012-11-30",91
716,"2012-11-30",38
722,"2012-11-30",11
725,"2012-11-30",27
726,"2012-11-30",14
729,"2012-11-30",33
730,"2012-11-30",19
738,"2012-11-30",21
742,"2012-11-30",7
743,"2012-11-30",11
747,"2012-11-30",9
748,"2012-11-30",11
759,"2012-11-30",20
760,"2012-11-30",93
761,"2012-11-30",82
762,"2012-11-30",90
763,"2012-11-30",71
764,"2012-11-30",42
765,"2012-11-30",72
766,"2012-11-30",48
767,"2012-11-30",19
768,"2012-11-30",36
769,"2012-11-30",14
770,"2012-11-30",93
779,"2012-11-30",56
780,"2012-11-30",51
781,"2012-11-30",47
782,"2012-11-30",60
783,"2012-11-30",57
784,"2012-11-30",42
785,"2012-11-30",45
786,"2012-11-30",44
787,"2012-11-30",42
788,"2012-11-30",44
789,"2012-11-30",36
790,"2012-11-30",33
791,"2012-11-30",12
792,"2012-11-30",8
793,"2012-11-30",39
794,"2012-11-30",30
795,"2012-11-30",19
796,"2012-11-30",14
797,"2012-11-30",41
798,"2012-11-30",44
799,"2012-11-30",14
800,"2012-11-30",17
801,"2012-11-30",37
804,"2012-11-30",15
806,"2012-11-30",26
807,"2012-11-30",3
808,"2012-11-30",12
809,"2012-11-30",39
814,"2012-11-30",23
815,"2012-11-30",14
820,"2012-11-30",6
822,"2012-11-30",7
824,"2012-11-30",38
825,"2012-11-30",41
826,"2012-11-30",30
831,"2012-11-30",17
832,"2012-11-30",36
835,"2012-11-30",35
836,"2012-11-30",19
841,"2012-11-30",31
843,"2012-11-30",48
844,"2012-11-30",53
849,"2012-11-30",57
850,"2012-11-30",11
852,"2012-11-30",82
854,"2012-11-30",92
855,"2012-11-30",39
856,"2012-11-30",63
857,"2012-11-30",19
858,"2012-11-30",22
859,"2012-11-30",46
861,"2012-11-30",8
862,"2012-11-30",87
863,"2012-11-30",176
707,"2012-12-31",54
708,"2012-12-31",68
711,"2012-12-31",94
712,"2012-12-31",135
714,"2012-12-31",63
715,"2012-12-31",143
716,"2012-12-31",54
722,"2012-12-31",16
725,"2012-12-31",23
726,"2012-12-31",23
729,"2012-12-31",17
730,"2012-12-31",15
738,"2012-12-31",29
742,"2012-12-31",20
743,"2012-12-31",33
747,"2012-12-31",26
748,"2012-12-31",29
759,"2012-12-31",54
760,"2012-12-31",143
761,"2012-12-31",107
762,"2012-12-31",112
763,"2012-12-31",118
764,"2012-12-31",68
765,"2012-12-31",119
766,"2012-12-31",59
767,"2012-12-31",50
768,"2012-12-31",76
769,"2012-12-31",50
770,"2012-12-31",124
779,"2012-12-31",74
780,"2012-12-31",76
781,"2012-12-31",74
782,"2012-12-31",120
783,"2012-12-31",103
784,"2012-12-31",72
785,"2012-12-31",58
786,"2012-12-31",68
787,"2012-12-31",70
788,"2012-12-31",66
789,"2012-12-31",71
790,"2012-12-31",74
791,"2012-12-31",48
792,"2012-12-31",50
793,"2012-12-31",78
794,"2012-12-31",66
795,"2012-12-31",46
796,"2012-12-31",45
797,"2012-12-31",68
798,"2012-12-31",69
799,"2012-12-31",50
800,"2012-12-31",48
801,"2012-12-31",70
804,"2012-12-31",27
806,"2012-12-31",39
807,"2012-12-31",22
808,"2012-12-31",28
809,"2012-12-31",47
814,"2012-12-31",49
815,"2012-12-31",27
820,"2012-12-31",6
822,"2012-12-31",23
824,"2012-12-31",44
825,"2012-12-31",51
826,"2012-12-31",67
831,"2012-12-31",30
832,"2012-12-31",57
835,"2012-12-31",18
836,"2012-12-31",14
841,"2012-12-31",51
843,"2012-12-31",49
844,"2012-12-31",39
849,"2012-12-31",50
850,"2012-12-31",8
852,"2012-12-31",110
854,"2012-12-31",109
855,"2012-12-31",47
856,"2012-12-31",80
857,"2012-12-31",30
858,"2012-12-31",46
859,"2012-12-31",57
861,"2012-12-31",26
862,"2012-12-31",160
863,"2012-12-31",262
707,"2013-01-28",45
708,"2013-01-28",81
711,"2013-01-28",69
712,"2013-01-28",124
714,"2013-01-28",48
715,"2013-01-28",108
716,"2013-01-28",50
722,"2013-01-28",13
725,"2013-01-28",22
726,"2013-01-28",10
729,"2013-01-28",22
730,"2013-01-28",14
738,"2013-01-28",21
742,"2013-01-28",20
743,"2013-01-28",24
747,"2013-01-28",15
748,"2013-01-28",28
759,"2013-01-28",12
760,"2013-01-28",74
761,"2013-01-28",78
762,"2013-01-28",109
763,"2013-01-28",80
764,"2013-01-28",43
765,"2013-01-28",79
766,"2013-01-28",46
767,"2013-01-28",17
768,"2013-01-28",41
769,"2013-01-28",21
770,"2013-01-28",95
779,"2013-01-28",64
780,"2013-01-28",52
781,"2013-01-28",59
782,"2013-01-28",71
783,"2013-01-28",62
784,"2013-01-28",49
785,"2013-01-28",54
786,"2013-01-28",55
787,"2013-01-28",54
788,"2013-01-28",54
789,"2013-01-28",46
790,"2013-01-28",32
791,"2013-01-28",26
792,"2013-01-28",27
793,"2013-01-28",36
794,"2013-01-28",40
795,"2013-01-28",21
796,"2013-01-28",27
797,"2013-01-28",44
798,"2013-01-28",37
799,"2013-01-28",22
800,"2013-01-28",21
801,"2013-01-28",46
804,"2013-01-28",30
806,"2013-01-28",65
807,"2013-01-28",15
808,"2013-01-28",32
809,"2013-01-28",48
814,"2013-01-28",19
815,"2013-01-28",30
820,"2013-01-28",7
822,"2013-01-28",27
824,"2013-01-28",59
825,"2013-01-28",49
826,"2013-01-28",39
831,"2013-01-28",25
832,"2013-01-28",48
835,"2013-01-28",34
836,"2013-01-28",20
841,"2013-01-28",33
843,"2013-01-28",50
844,"2013-01-28",55
849,"2013-01-28",60
850,"2013-01-28",11
852,"2013-01-28",109
854,"2013-01-28",113
855,"2013-01-28",46
856,"2013-01-28",61
857,"2013-01-28",14
858,"2013-01-28",22
859,"2013-01-28",46
861,"2013-01-28",25
862,"2013-01-28",101
863,"2013-01-28",159
707,"2013-02-28",111
708,"2013-02-28",139
711,"2013-02-28",141
712,"2013-02-28",146
714,"2013-02-28",81
715,"2013-02-28",180
716,"2013-02-28",64
717,"2013-02-28",10
718,"2013-02-28",20
722,"2013-02-28",31
725,"2013-02-28",40
726,"2013-02-28",31
727,"2013-02-28",1
729,"2013-02-28",40
730,"2013-02-28",32
736,"2013-02-28",12
738,"2013-02-28",51
739,"2013-02-28",5
742,"2013-02-28",10
743,"2013-02-28",35
747,"2013-02-28",16
748,"2013-02-28",41
759,"2013-02-28",16
760,"2013-02-28",111
761,"2013-02-28",88
762,"2013-02-28",121
763,"2013-02-28",90
764,"2013-02-28",53
765,"2013-02-28",93
766,"2013-02-28",43
767,"2013-02-28",9
768,"2013-02-28",55
769,"2013-02-28",16
770,"2013-02-28",110
779,"2013-02-28",73
780,"2013-02-28",63
781,"2013-02-28",60
782,"2013-02-28",86
783,"2013-02-28",67
784,"2013-02-28",57
785,"2013-02-28",51
786,"2013-02-28",66
787,"2013-02-28",57
788,"2013-02-28",58
789,"2013-02-28",48
790,"2013-02-28",38
791,"2013-02-28",41
792,"2013-02-28",17
793,"2013-02-28",49
794,"2013-02-28",29
795,"2013-02-28",27
796,"2013-02-28",18
797,"2013-02-28",60
798,"2013-02-28",33
799,"2013-02-28",27
800,"2013-02-28",23
801,"2013-02-28",53
802,"2013-02-28",6
804,"2013-02-28",12
806,"2013-02-28",28
807,"2013-02-28",15
808,"2013-02-28",9
809,"2013-02-28",52
810,"2013-02-28",25
813,"2013-02-28",14
814,"2013-02-28",45
815,"2013-02-28",38
816,"2013-02-28",29
817,"2013-02-28",17
819,"2013-02-28",41
820,"2013-02-28",42
822,"2013-02-28",40
823,"2013-02-28",24
824,"2013-02-28",47
825,"2013-02-28",49
826,"2013-02-28",75
831,"2013-02-28",44
832,"2013-02-28",59
833,"2013-02-28",6
835,"2013-02-28",55
836,"2013-02-28",38
838,"2013-02-28",17
841,"2013-02-28",41
843,"2013-02-28",70
844,"2013-02-28",81
849,"2013-02-28",95
850,"2013-02-28",39
852,"2013-02-28",127
853,"2013-02-28",34
854,"2013-02-28",153
855,"2013-02-28",58
856,"2013-02-28",112
857,"2013-02-28",41
858,"2013-02-28",45
859,"2013-02-28",88
860,"2013-02-28",36
861,"2013-02-28",30
862,"2013-02-28",146
863,"2013-02-28",234
707,"2013-03-30",146
708,"2013-03-30",160
711,"2013-03-30",163
712,"2013-03-30",244
714,"2013-03-30",122
715,"2013-03-30",225
716,"2013-03-30",90
717,"2013-03-30",18
718,"2013-03-30",24
722,"2013-03-30",40
725,"2013-03-30",75
726,"2013-03-30",41
727,"2013-03-30",4
729,"2013-03-30",65
730,"2013-03-30",58
736,"2013-03-30",5
738,"2013-03-30",72
739,"2013-03-30",10
742,"2013-03-30",31
743,"2013-03-30",61
747,"2013-03-30",27
748,"2013-03-30",47
759,"2013-03-30",45
760,"2013-03-30",139
761,"2013-03-30",127
762,"2013-03-30",128
763,"2013-03-30",120
764,"2013-03-30",83
765,"2013-03-30",124
766,"2013-03-30",73
767,"2013-03-30",55
768,"2013-03-30",81
769,"2013-03-30",51
770,"2013-03-30",152
779,"2013-03-30",91
780,"2013-03-30",70
781,"2013-03-30",75
782,"2013-03-30",122
783,"2013-03-30",109
784,"2013-03-30",60
785,"2013-03-30",66
786,"2013-03-30",60
787,"2013-03-30",72
788,"2013-03-30",76
789,"2013-03-30",89
790,"2013-03-30",72
791,"2013-03-30",60
792,"2013-03-30",46
793,"2013-03-30",85
794,"2013-03-30",75
795,"2013-03-30",76
796,"2013-03-30",47
797,"2013-03-30",85
798,"2013-03-30",81
799,"2013-03-30",63
800,"2013-03-30",41
801,"2013-03-30",86
802,"2013-03-30",27
804,"2013-03-30",38
806,"2013-03-30",52
807,"2013-03-30",28
808,"2013-03-30",29
809,"2013-03-30",62
810,"2013-03-30",22
813,"2013-03-30",25
814,"2013-03-30",56
815,"2013-03-30",51
816,"2013-03-30",22
817,"2013-03-30",15
819,"2013-03-30",64
820,"2013-03-30",66
822,"2013-03-30",53
823,"2013-03-30",24
824,"2013-03-30",67
825,"2013-03-30",83
826,"2013-03-30",103
831,"2013-03-30",63
832,"2013-03-30",100
833,"2013-03-30",10
835,"2013-03-30",97
836,"2013-03-30",62
838,"2013-03-30",15
841,"2013-03-30",64
843,"2013-03-30",101
844,"2013-03-30",125
849,"2013-03-30",122
850,"2013-03-30",46
852,"2013-03-30",183
853,"2013-03-30",43
854,"2013-03-30",209
855,"2013-03-30",90
856,"2013-03-30",177
857,"2013-03-30",51
858,"2013-03-30",52
859,"2013-03-30",130
860,"2013-03-30",46
861,"2013-03-30",66
862,"2013-03-30",233
863,"2013-03-30",358
707,"2013-04-30",146
708,"2013-04-30",127
711,"2013-04-30",148
712,"2013-04-30",182
714,"2013-04-30",95
715,"2013-04-30",167
716,"2013-04-30",67
717,"2013-04-30",24
718,"2013-04-30",8
722,"2013-04-30",42
725,"2013-04-30",47
726,"2013-04-30",54
727,"2013-04-30",4
729,"2013-04-30",56
730,"2013-04-30",51
736,"2013-04-30",13
738,"2013-04-30",39
739,"2013-04-30",3
742,"2013-04-30",31
743,"2013-04-30",43
747,"2013-04-30",29
748,"2013-04-30",52
759,"2013-04-30",25
760,"2013-04-30",108
761,"2013-04-30",96
762,"2013-04-30",112
763,"2013-04-30",96
764,"2013-04-30",45
765,"2013-04-30",86
766,"2013-04-30",54
767,"2013-04-30",22
768,"2013-04-30",34
769,"2013-04-30",19
770,"2013-04-30",102
779,"2013-04-30",80
780,"2013-04-30",53
781,"2013-04-30",51
782,"2013-04-30",95
783,"2013-04-30",79
784,"2013-04-30",63
785,"2013-04-30",54
786,"2013-04-30",53
787,"2013-04-30",48
788,"2013-04-30",42
789,"2013-04-30",44
790,"2013-04-30",43
791,"2013-04-30",32
792,"2013-04-30",23
793,"2013-04-30",47
794,"2013-04-30",49
795,"2013-04-30",30
796,"2013-04-30",21
797,"2013-04-30",48
798,"2013-04-30",41
799,"2013-04-30",44
800,"2013-04-30",22
801,"2013-04-30",56
802,"2013-04-30",20
804,"2013-04-30",49
806,"2013-04-30",64
807,"2013-04-30",28
808,"2013-04-30",34
809,"2013-04-30",64
810,"2013-04-30",22
813,"2013-04-30",36
814,"2013-04-30",40
815,"2013-04-30",52
816,"2013-04-30",18
817,"2013-04-30",9
819,"2013-04-30",46
820,"2013-04-30",49
822,"2013-04-30",41
823,"2013-04-30",21
824,"2013-04-30",93
825,"2013-04-30",75
826,"2013-04-30",57
831,"2013-04-30",57
832,"2013-04-30",80
833,"2013-04-30",9
835,"2013-04-30",38
836,"2013-04-30",40
838,"2013-04-30",20
841,"2013-04-30",39
843,"2013-04-30",92
844,"2013-04-30",76
849,"2013-04-30",113
850,"2013-04-30",37
852,"2013-04-30",162
853,"2013-04-30",39
854,"2013-04-30",205
855,"2013-04-30",94
856,"2013-04-30",131
857,"2013-04-30",55
858,"2013-04-30",52
859,"2013-04-30",129
860,"2013-04-30",36
861,"2013-04-30",31
862,"2013-04-30",191
863,"2013-04-30",234
707,"2013-05-30",222
708,"2013-05-30",224
711,"2013-05-30",234
712,"2013-05-30",259
714,"2013-05-30",164
715,"2013-05-30",254
716,"2013-05-30",138
717,"2013-05-30",27
718,"2013-05-30",32
719,"2013-05-30",16
722,"2013-05-30",45
723,"2013-05-30",17
736,"2013-05-30",24
738,"2013-05-30",72
739,"2013-05-30",23
742,"2013-05-30",17
743,"2013-05-30",45
747,"2013-05-30",14
748,"2013-05-30",52
761,"2013-05-30",2
779,"2013-05-30",60
780,"2013-05-30",43
781,"2013-05-30",51
782,"2013-05-30",62
783,"2013-05-30",61
784,"2013-05-30",38
792,"2013-05-30",15
793,"2013-05-30",51
794,"2013-05-30",54
795,"2013-05-30",36
796,"2013-05-30",15
797,"2013-05-30",48
798,"2013-05-30",50
799,"2013-05-30",38
800,"2013-05-30",15
801,"2013-05-30",61
808,"2013-05-30",44
809,"2013-05-30",41
810,"2013-05-30",30
811,"2013-05-30",23
813,"2013-05-30",42
822,"2013-05-30",43
828,"2013-05-30",2
833,"2013-05-30",23
835,"2013-05-30",81
836,"2013-05-30",44
838,"2013-05-30",34
839,"2013-05-30",20
855,"2013-05-30",2
858,"2013-05-30",144
859,"2013-05-30",190
860,"2013-05-30",66
864,"2013-05-30",333
865,"2013-05-30",223
867,"2013-05-30",178
868,"2013-05-30",40
869,"2013-05-30",222
870,"2013-05-30",235
873,"2013-05-30",84
874,"2013-05-30",90
875,"2013-05-30",176
876,"2013-05-30",221
877,"2013-05-30",227
880,"2013-05-30",168
881,"2013-05-30",176
883,"2013-05-30",227
884,"2013-05-30",317
885,"2013-05-30",29
886,"2013-05-30",38
887,"2013-05-30",14
888,"2013-05-30",16
889,"2013-05-30",24
890,"2013-05-30",12
891,"2013-05-30",18
892,"2013-05-30",57
893,"2013-05-30",43
894,"2013-05-30",25
895,"2013-05-30",24
896,"2013-05-30",19
898,"2013-05-30",1
899,"2013-05-30",25
900,"2013-05-30",15
902,"2013-05-30",5
903,"2013-05-30",2
904,"2013-05-30",94
905,"2013-05-30",53
906,"2013-05-30",31
907,"2013-05-30",16
908,"2013-05-30",43
909,"2013-05-30",53
910,"2013-05-30",33
911,"2013-05-30",1
913,"2013-05-30",25
914,"2013-05-30",17
915,"2013-05-30",14
916,"2013-05-30",29
917,"2013-05-30",56
918,"2013-05-30",29
919,"2013-05-30",7
920,"2013-05-30",44
924,"2013-05-30",38
925,"2013-05-30",63
926,"2013-05-30",33
927,"2013-05-30",2
935,"2013-05-30",40
936,"2013-05-30",33
937,"2013-05-30",52
938,"2013-05-30",91
939,"2013-05-30",56
940,"2013-05-30",58
941,"2013-05-30",19
942,"2013-05-30",1
943,"2013-05-30",1
944,"2013-05-30",33
945,"2013-05-30",54
946,"2013-05-30",9
947,"2013-05-30",26
948,"2013-05-30",64
949,"2013-05-30",27
950,"2013-05-30",16
951,"2013-05-30",45
952,"2013-05-30",40
953,"2013-05-30",45
954,"2013-05-30",82
955,"2013-05-30",32
956,"2013-05-30",6
957,"2013-05-30",55
958,"2013-05-30",34
959,"2013-05-30",25
960,"2013-05-30",9
961,"2013-05-30",56
962,"2013-05-30",33
963,"2013-05-30",33
964,"2013-05-30",16
965,"2013-05-30",50
966,"2013-05-30",57
967,"2013-05-30",28
968,"2013-05-30",13
969,"2013-05-30",57
970,"2013-05-30",28
971,"2013-05-30",7
972,"2013-05-30",58
973,"2013-05-30",112
974,"2013-05-30",72
975,"2013-05-30",23
976,"2013-05-30",128
977,"2013-05-30",44
978,"2013-05-30",20
979,"2013-05-30",62
980,"2013-05-30",24
981,"2013-05-30",31
982,"2013-05-30",20
983,"2013-05-30",20
984,"2013-05-30",36
985,"2013-05-30",34
986,"2013-05-30",24
987,"2013-05-30",24
988,"2013-05-30",42
989,"2013-05-30",21
990,"2013-05-30",24
991,"2013-05-30",19
992,"2013-05-30",38
993,"2013-05-30",10
994,"2013-05-30",28
996,"2013-05-30",34
997,"2013-05-30",12
998,"2013-05-30",118
999,"2013-05-30",95
707,"2013-06-30",238
708,"2013-06-30",275
711,"2013-06-30",301
712,"2013-06-30",413
714,"2013-06-30",238
715,"2013-06-30",404
716,"2013-06-30",149
717,"2013-06-30",54
718,"2013-06-30",46
719,"2013-06-30",18
722,"2013-06-30",51
723,"2013-06-30",17
729,"2013-06-30",2
730,"2013-06-30",1
736,"2013-06-30",13
738,"2013-06-30",97
739,"2013-06-30",49
742,"2013-06-30",27
743,"2013-06-30",44
747,"2013-06-30",34
748,"2013-06-30",56
760,"2013-06-30",3
761,"2013-06-30",3
762,"2013-06-30",2
765,"2013-06-30",2
770,"2013-06-30",1
779,"2013-06-30",81
780,"2013-06-30",96
781,"2013-06-30",83
782,"2013-06-30",152
783,"2013-06-30",94
784,"2013-06-30",69
792,"2013-06-30",39
793,"2013-06-30",72
794,"2013-06-30",61
795,"2013-06-30",55
796,"2013-06-30",41
797,"2013-06-30",67
798,"2013-06-30",70
799,"2013-06-30",57
800,"2013-06-30",42
801,"2013-06-30",67
808,"2013-06-30",74
809,"2013-06-30",114
810,"2013-06-30",46
811,"2013-06-30",46
813,"2013-06-30",48
819,"2013-06-30",2
822,"2013-06-30",58
826,"2013-06-30",1
833,"2013-06-30",18
835,"2013-06-30",125
836,"2013-06-30",53
838,"2013-06-30",49
839,"2013-06-30",19
852,"2013-06-30",5
854,"2013-06-30",4
856,"2013-06-30",2
858,"2013-06-30",187
859,"2013-06-30",279
860,"2013-06-30",76
864,"2013-06-30",498
865,"2013-06-30",298
866,"2013-06-30",6
867,"2013-06-30",427
868,"2013-06-30",102
869,"2013-06-30",337
870,"2013-06-30",344
873,"2013-06-30",96
874,"2013-06-30",199
875,"2013-06-30",322
876,"2013-06-30",363
877,"2013-06-30",337
880,"2013-06-30",317
881,"2013-06-30",232
883,"2013-06-30",315
884,"2013-06-30",444
885,"2013-06-30",50
886,"2013-06-30",43
887,"2013-06-30",21
888,"2013-06-30",13
889,"2013-06-30",92
890,"2013-06-30",22
891,"2013-06-30",12
892,"2013-06-30",62
893,"2013-06-30",37
894,"2013-06-30",35
895,"2013-06-30",58
896,"2013-06-30",25
897,"2013-06-30",4
898,"2013-06-30",9
899,"2013-06-30",62
900,"2013-06-30",29
902,"2013-06-30",21
903,"2013-06-30",13
904,"2013-06-30",117
905,"2013-06-30",85
906,"2013-06-30",57
907,"2013-06-30",43
908,"2013-06-30",50
909,"2013-06-30",76
910,"2013-06-30",85
913,"2013-06-30",55
914,"2013-06-30",27
915,"2013-06-30",17
916,"2013-06-30",69
917,"2013-06-30",87
918,"2013-06-30",44
919,"2013-06-30",15
920,"2013-06-30",63
924,"2013-06-30",64
925,"2013-06-30",82
926,"2013-06-30",50
927,"2013-06-30",13
935,"2013-06-30",87
936,"2013-06-30",43
937,"2013-06-30",102
938,"2013-06-30",119
939,"2013-06-30",93
940,"2013-06-30",105
941,"2013-06-30",33
942,"2013-06-30",6
943,"2013-06-30",7
944,"2013-06-30",73
945,"2013-06-30",93
946,"2013-06-30",20
947,"2013-06-30",33
948,"2013-06-30",90
949,"2013-06-30",44
950,"2013-06-30",25
951,"2013-06-30",80
952,"2013-06-30",91
953,"2013-06-30",62
954,"2013-06-30",66
955,"2013-06-30",50
956,"2013-06-30",30
957,"2013-06-30",140
958,"2013-06-30",71
959,"2013-06-30",41
960,"2013-06-30",9
961,"2013-06-30",85
962,"2013-06-30",69
963,"2013-06-30",31
964,"2013-06-30",31
965,"2013-06-30",101
966,"2013-06-30",96
967,"2013-06-30",63
968,"2013-06-30",34
969,"2013-06-30",133
970,"2013-06-30",52
971,"2013-06-30",13
972,"2013-06-30",120
973,"2013-06-30",139
974,"2013-06-30",66
975,"2013-06-30",48
976,"2013-06-30",140
977,"2013-06-30",72
978,"2013-06-30",20
979,"2013-06-30",67
980,"2013-06-30",20
981,"2013-06-30",67
982,"2013-06-30",17
983,"2013-06-30",24
984,"2013-06-30",53
985,"2013-06-30",47
986,"2013-06-30",41
987,"2013-06-30",49
988,"2013-06-30",48
989,"2013-06-30",16
990,"2013-06-30",46
991,"2013-06-30",54
992,"2013-06-30",53
993,"2013-06-30",30
994,"2013-06-30",37
996,"2013-06-30",56
997,"2013-06-30",43
998,"2013-06-30",138
999,"2013-06-30",101
707,"2013-07-31",287
708,"2013-07-31",276
711,"2013-07-31",264
712,"2013-07-31",361
714,"2013-07-31",211
715,"2013-07-31",352
716,"2013-07-31",161
717,"2013-07-31",42
718,"2013-07-31",44
719,"2013-07-31",27
722,"2013-07-31",44
723,"2013-07-31",27
736,"2013-07-31",27
738,"2013-07-31",95
739,"2013-07-31",40
742,"2013-07-31",29
743,"2013-07-31",67
747,"2013-07-31",25
748,"2013-07-31",62
779,"2013-07-31",98
780,"2013-07-31",69
781,"2013-07-31",72
782,"2013-07-31",142
783,"2013-07-31",87
784,"2013-07-31",87
792,"2013-07-31",20
793,"2013-07-31",65
794,"2013-07-31",52
795,"2013-07-31",43
796,"2013-07-31",19
797,"2013-07-31",80
798,"2013-07-31",60
799,"2013-07-31",40
800,"2013-07-31",17
801,"2013-07-31",68
808,"2013-07-31",76
809,"2013-07-31",114
810,"2013-07-31",40
811,"2013-07-31",33
813,"2013-07-31",51
822,"2013-07-31",42
824,"2013-07-31",4
832,"2013-07-31",1
833,"2013-07-31",22
835,"2013-07-31",80
836,"2013-07-31",47
838,"2013-07-31",41
839,"2013-07-31",22
849,"2013-07-31",2
852,"2013-07-31",5
854,"2013-07-31",2
856,"2013-07-31",2
858,"2013-07-31",162
859,"2013-07-31",283
860,"2013-07-31",70
861,"2013-07-31",2
862,"2013-07-31",4
864,"2013-07-31",464
865,"2013-07-31",268
866,"2013-07-31",6
867,"2013-07-31",355
868,"2013-07-31",119
869,"2013-07-31",371
870,"2013-07-31",298
873,"2013-07-31",89
874,"2013-07-31",139
875,"2013-07-31",227
876,"2013-07-31",397
877,"2013-07-31",276
880,"2013-07-31",268
881,"2013-07-31",223
883,"2013-07-31",303
884,"2013-07-31",420
885,"2013-07-31",68
886,"2013-07-31",62
887,"2013-07-31",13
888,"2013-07-31",19
889,"2013-07-31",87
890,"2013-07-31",14
891,"2013-07-31",20
892,"2013-07-31",86
893,"2013-07-31",65
894,"2013-07-31",66
895,"2013-07-31",61
896,"2013-07-31",31
898,"2013-07-31",5
899,"2013-07-31",54
900,"2013-07-31",37
902,"2013-07-31",10
903,"2013-07-31",10
904,"2013-07-31",115
905,"2013-07-31",86
906,"2013-07-31",38
907,"2013-07-31",66
908,"2013-07-31",42
909,"2013-07-31",79
910,"2013-07-31",78
911,"2013-07-31",9
913,"2013-07-31",36
914,"2013-07-31",47
915,"2013-07-31",17
916,"2013-07-31",67
917,"2013-07-31",91
918,"2013-07-31",62
919,"2013-07-31",22
920,"2013-07-31",65
924,"2013-07-31",70
925,"2013-07-31",77
926,"2013-07-31",52
935,"2013-07-31",64
936,"2013-07-31",58
937,"2013-07-31",116
938,"2013-07-31",87
939,"2013-07-31",77
940,"2013-07-31",63
941,"2013-07-31",48
944,"2013-07-31",66
945,"2013-07-31",149
946,"2013-07-31",27
947,"2013-07-31",45
948,"2013-07-31",139
949,"2013-07-31",56
950,"2013-07-31",27
951,"2013-07-31",108
952,"2013-07-31",156
953,"2013-07-31",112
954,"2013-07-31",98
955,"2013-07-31",61
956,"2013-07-31",41
957,"2013-07-31",101
958,"2013-07-31",92
959,"2013-07-31",62
960,"2013-07-31",37
961,"2013-07-31",92
962,"2013-07-31",92
963,"2013-07-31",55
964,"2013-07-31",37
965,"2013-07-31",87
966,"2013-07-31",90
967,"2013-07-31",52
968,"2013-07-31",44
969,"2013-07-31",105
970,"2013-07-31",57
971,"2013-07-31",34
972,"2013-07-31",99
973,"2013-07-31",107
974,"2013-07-31",66
975,"2013-07-31",27
976,"2013-07-31",140
977,"2013-07-31",53
978,"2013-07-31",37
979,"2013-07-31",107
980,"2013-07-31",34
981,"2013-07-31",51
982,"2013-07-31",28
983,"2013-07-31",21
984,"2013-07-31",57
985,"2013-07-31",44
986,"2013-07-31",54
987,"2013-07-31",54
988,"2013-07-31",57
989,"2013-07-31",21
990,"2013-07-31",51
991,"2013-07-31",45
992,"2013-07-31",34
993,"2013-07-31",17
994,"2013-07-31",62
996,"2013-07-31",93
997,"2013-07-31",19
998,"2013-07-31",83
999,"2013-07-31",85
707,"2013-08-30",152
708,"2013-08-30",159
711,"2013-08-30",148
712,"2013-08-30",194
714,"2013-08-30",109
715,"2013-08-30",179
716,"2013-08-30",64
717,"2013-08-30",10
718,"2013-08-30",12
722,"2013-08-30",26
726,"2013-08-30",1
736,"2013-08-30",3
738,"2013-08-30",31
739,"2013-08-30",2
742,"2013-08-30",14
743,"2013-08-30",23
747,"2013-08-30",12
748,"2013-08-30",36
762,"2013-08-30",3
779,"2013-08-30",66
780,"2013-08-30",49
781,"2013-08-30",41
782,"2013-08-30",61
783,"2013-08-30",71
784,"2013-08-30",52
792,"2013-08-30",12
793,"2013-08-30",46
794,"2013-08-30",37
795,"2013-08-30",22
796,"2013-08-30",18
797,"2013-08-30",46
798,"2013-08-30",37
799,"2013-08-30",27
800,"2013-08-30",20
801,"2013-08-30",63
808,"2013-08-30",11
809,"2013-08-30",55
810,"2013-08-30",21
813,"2013-08-30",19
822,"2013-08-30",31
833,"2013-08-30",2
835,"2013-08-30",51
836,"2013-08-30",30
838,"2013-08-30",6
858,"2013-08-30",101
859,"2013-08-30",178
860,"2013-08-30",74
864,"2013-08-30",291
865,"2013-08-30",154
867,"2013-08-30",188
868,"2013-08-30",39
869,"2013-08-30",226
870,"2013-08-30",194
873,"2013-08-30",68
874,"2013-08-30",81
875,"2013-08-30",146
876,"2013-08-30",187
877,"2013-08-30",168
880,"2013-08-30",158
881,"2013-08-30",125
883,"2013-08-30",191
884,"2013-08-30",243
885,"2013-08-30",19
886,"2013-08-30",17
888,"2013-08-30",2
889,"2013-08-30",16
890,"2013-08-30",8
891,"2013-08-30",7
892,"2013-08-30",30
893,"2013-08-30",24
894,"2013-08-30",28
895,"2013-08-30",6
896,"2013-08-30",13
899,"2013-08-30",10
900,"2013-08-30",13
904,"2013-08-30",58
905,"2013-08-30",34
906,"2013-08-30",9
907,"2013-08-30",15
908,"2013-08-30",18
909,"2013-08-30",30
910,"2013-08-30",35
915,"2013-08-30",8
916,"2013-08-30",13
917,"2013-08-30",26
918,"2013-08-30",27
920,"2013-08-30",29
924,"2013-08-30",18
925,"2013-08-30",24
926,"2013-08-30",31
935,"2013-08-30",29
936,"2013-08-30",28
937,"2013-08-30",39
938,"2013-08-30",57
939,"2013-08-30",54
940,"2013-08-30",43
941,"2013-08-30",3
944,"2013-08-30",14
945,"2013-08-30",49
947,"2013-08-30",14
948,"2013-08-30",34
949,"2013-08-30",30
951,"2013-08-30",30
952,"2013-08-30",28
953,"2013-08-30",38
954,"2013-08-30",63
955,"2013-08-30",29
956,"2013-08-30",11
957,"2013-08-30",77
958,"2013-08-30",31
959,"2013-08-30",23
960,"2013-08-30",6
961,"2013-08-30",54
962,"2013-08-30",25
963,"2013-08-30",24
964,"2013-08-30",10
965,"2013-08-30",29
966,"2013-08-30",40
967,"2013-08-30",28
968,"2013-08-30",8
969,"2013-08-30",51
970,"2013-08-30",29
971,"2013-08-30",11
972,"2013-08-30",60
973,"2013-08-30",89
974,"2013-08-30",67
975,"2013-08-30",13
976,"2013-08-30",86
977,"2013-08-30",35
978,"2013-08-30",8
979,"2013-08-30",36
980,"2013-08-30",21
981,"2013-08-30",29
982,"2013-08-30",23
983,"2013-08-30",19
984,"2013-08-30",25
985,"2013-08-30",34
986,"2013-08-30",16
987,"2013-08-30",26
988,"2013-08-30",26
989,"2013-08-30",18
990,"2013-08-30",23
991,"2013-08-30",15
992,"2013-08-30",24
993,"2013-08-30",19
994,"2013-08-30",31
996,"2013-08-30",30
997,"2013-08-30",24
998,"2013-08-30",104
999,"2013-08-30",69
707,"2013-09-30",184
708,"2013-09-30",194
711,"2013-09-30",191
712,"2013-09-30",291
714,"2013-09-30",117
715,"2013-09-30",312
716,"2013-09-30",76
717,"2013-09-30",17
718,"2013-09-30",19
722,"2013-09-30",22
736,"2013-09-30",4
738,"2013-09-30",52
739,"2013-09-30",14
742,"2013-09-30",31
743,"2013-09-30",51
747,"2013-09-30",27
748,"2013-09-30",47
761,"2013-09-30",2
765,"2013-09-30",1
770,"2013-09-30",3
779,"2013-09-30",81
780,"2013-09-30",53
781,"2013-09-30",70
782,"2013-09-30",133
783,"2013-09-30",104
784,"2013-09-30",55
792,"2013-09-30",44
793,"2013-09-30",53
794,"2013-09-30",61
795,"2013-09-30",48
796,"2013-09-30",36
797,"2013-09-30",76
798,"2013-09-30",60
799,"2013-09-30",51
800,"2013-09-30",37
801,"2013-09-30",53
808,"2013-09-30",23
809,"2013-09-30",48
810,"2013-09-30",18
813,"2013-09-30",28
822,"2013-09-30",36
826,"2013-09-30",1
833,"2013-09-30",2
835,"2013-09-30",54
836,"2013-09-30",38
838,"2013-09-30",20
843,"2013-09-30",1
852,"2013-09-30",4
854,"2013-09-30",1
858,"2013-09-30",94
859,"2013-09-30",187
860,"2013-09-30",54
864,"2013-09-30",381
865,"2013-09-30",197
867,"2013-09-30",295
868,"2013-09-30",72
869,"2013-09-30",262
870,"2013-09-30",240
873,"2013-09-30",62
874,"2013-09-30",151
875,"2013-09-30",231
876,"2013-09-30",294
877,"2013-09-30",228
880,"2013-09-30",193
881,"2013-09-30",116
883,"2013-09-30",217
884,"2013-09-30",329
885,"2013-09-30",25
886,"2013-09-30",29
887,"2013-09-30",12
888,"2013-09-30",17
889,"2013-09-30",68
890,"2013-09-30",13
891,"2013-09-30",14
892,"2013-09-30",51
893,"2013-09-30",17
894,"2013-09-30",36
895,"2013-09-30",24
896,"2013-09-30",24
899,"2013-09-30",20
900,"2013-09-30",23
904,"2013-09-30",84
905,"2013-09-30",49
906,"2013-09-30",21
907,"2013-09-30",37
908,"2013-09-30",44
909,"2013-09-30",46
910,"2013-09-30",40
915,"2013-09-30",9
916,"2013-09-30",31
917,"2013-09-30",43
918,"2013-09-30",38
920,"2013-09-30",46
924,"2013-09-30",52
925,"2013-09-30",52
926,"2013-09-30",56
935,"2013-09-30",57
936,"2013-09-30",50
937,"2013-09-30",78
938,"2013-09-30",84
939,"2013-09-30",64
940,"2013-09-30",89
941,"2013-09-30",16
944,"2013-09-30",51
945,"2013-09-30",61
947,"2013-09-30",14
948,"2013-09-30",63
949,"2013-09-30",31
951,"2013-09-30",44
952,"2013-09-30",62
953,"2013-09-30",76
954,"2013-09-30",54
955,"2013-09-30",38
956,"2013-09-30",12
957,"2013-09-30",89
958,"2013-09-30",53
959,"2013-09-30",34
960,"2013-09-30",19
961,"2013-09-30",53
962,"2013-09-30",65
963,"2013-09-30",37
964,"2013-09-30",9
965,"2013-09-30",87
966,"2013-09-30",89
967,"2013-09-30",53
968,"2013-09-30",14
969,"2013-09-30",87
970,"2013-09-30",34
971,"2013-09-30",10
972,"2013-09-30",92
973,"2013-09-30",105
974,"2013-09-30",65
975,"2013-09-30",38
976,"2013-09-30",134
977,"2013-09-30",57
978,"2013-09-30",8
979,"2013-09-30",91
980,"2013-09-30",20
981,"2013-09-30",50
982,"2013-09-30",19
983,"2013-09-30",19
984,"2013-09-30",49
985,"2013-09-30",47
986,"2013-09-30",45
987,"2013-09-30",54
988,"2013-09-30",51
989,"2013-09-30",17
990,"2013-09-30",38
991,"2013-09-30",20
992,"2013-09-30",48
993,"2013-09-30",13
994,"2013-09-30",31
996,"2013-09-30",29
997,"2013-09-30",32
998,"2013-09-30",92
999,"2013-09-30",88
707,"2013-10-30",175
708,"2013-10-30",214
711,"2013-10-30",215
712,"2013-10-30",243
714,"2013-10-30",146
715,"2013-10-30",243
716,"2013-10-30",54
717,"2013-10-30",15
718,"2013-10-30",12
722,"2013-10-30",22
736,"2013-10-30",9
738,"2013-10-30",47
739,"2013-10-30",1
742,"2013-10-30",28
743,"2013-10-30",60
747,"2013-10-30",34
748,"2013-10-30",52
779,"2013-10-30",72
780,"2013-10-30",71
781,"2013-10-30",62
782,"2013-10-30",106
783,"2013-10-30",110
784,"2013-10-30",73
792,"2013-10-30",18
793,"2013-10-30",51
794,"2013-10-30",37
795,"2013-10-30",42
796,"2013-10-30",20
797,"2013-10-30",58
798,"2013-10-30",39
799,"2013-10-30",40
800,"2013-10-30",17
801,"2013-10-30",74
808,"2013-10-30",39
809,"2013-10-30",57
810,"2013-10-30",23
813,"2013-10-30",34
822,"2013-10-30",38
833,"2013-10-30",4
835,"2013-10-30",50
836,"2013-10-30",31
838,"2013-10-30",19
858,"2013-10-30",101
859,"2013-10-30",168
860,"2013-10-30",58
861,"2013-10-30",3
862,"2013-10-30",2
863,"2013-10-30",6
864,"2013-10-30",380
865,"2013-10-30",187
867,"2013-10-30",258
868,"2013-10-30",85
869,"2013-10-30",236
870,"2013-10-30",243
873,"2013-10-30",59
874,"2013-10-30",127
875,"2013-10-30",179
876,"2013-10-30",259
877,"2013-10-30",225
880,"2013-10-30",187
881,"2013-10-30",140
883,"2013-10-30",231
884,"2013-10-30",299
885,"2013-10-30",32
886,"2013-10-30",12
887,"2013-10-30",6
888,"2013-10-30",4
889,"2013-10-30",47
890,"2013-10-30",12
891,"2013-10-30",18
892,"2013-10-30",50
893,"2013-10-30",33
894,"2013-10-30",49
895,"2013-10-30",21
896,"2013-10-30",12
899,"2013-10-30",21
900,"2013-10-30",15
904,"2013-10-30",82
905,"2013-10-30",52
906,"2013-10-30",4
907,"2013-10-30",36
908,"2013-10-30",39
909,"2013-10-30",52
910,"2013-10-30",60
915,"2013-10-30",14
916,"2013-10-30",61
917,"2013-10-30",66
918,"2013-10-30",50
920,"2013-10-30",28
924,"2013-10-30",35
925,"2013-10-30",59
926,"2013-10-30",39
935,"2013-10-30",43
936,"2013-10-30",38
937,"2013-10-30",82
938,"2013-10-30",81
939,"2013-10-30",59
940,"2013-10-30",54
941,"2013-10-30",17
944,"2013-10-30",42
945,"2013-10-30",86
947,"2013-10-30",35
948,"2013-10-30",106
949,"2013-10-30",65
951,"2013-10-30",53
952,"2013-10-30",93
953,"2013-10-30",71
954,"2013-10-30",96
955,"2013-10-30",61
956,"2013-10-30",31
957,"2013-10-30",81
958,"2013-10-30",72
959,"2013-10-30",48
960,"2013-10-30",29
961,"2013-10-30",97
962,"2013-10-30",66
963,"2013-10-30",42
964,"2013-10-30",35
965,"2013-10-30",85
966,"2013-10-30",84
967,"2013-10-30",47
968,"2013-10-30",32
969,"2013-10-30",109
970,"2013-10-30",42
971,"2013-10-30",33
972,"2013-10-30",80
973,"2013-10-30",113
974,"2013-10-30",56
975,"2013-10-30",23
976,"2013-10-30",128
977,"2013-10-30",43
978,"2013-10-30",38
979,"2013-10-30",76
980,"2013-10-30",26
981,"2013-10-30",50
982,"2013-10-30",24
983,"2013-10-30",28
984,"2013-10-30",47
985,"2013-10-30",40
986,"2013-10-30",30
987,"2013-10-30",42
988,"2013-10-30",41
989,"2013-10-30",23
990,"2013-10-30",41
991,"2013-10-30",23
992,"2013-10-30",36
993,"2013-10-30",26
994,"2013-10-30",64
996,"2013-10-30",68
997,"2013-10-30",18
998,"2013-10-30",105
999,"2013-10-30",84
707,"2013-11-30",74
708,"2013-11-30",82
711,"2013-11-30",92
712,"2013-11-30",121
714,"2013-11-30",60
715,"2013-11-30",129
716,"2013-11-30",60
722,"2013-11-30",10
738,"2013-11-30",16
742,"2013-11-30",6
743,"2013-11-30",17
747,"2013-11-30",5
748,"2013-11-30",11
765,"2013-11-30",1
769,"2013-11-30",1
779,"2013-11-30",38
780,"2013-11-30",32
781,"2013-11-30",35
782,"2013-11-30",48
783,"2013-11-30",52
784,"2013-11-30",44
790,"2013-11-30",3
792,"2013-11-30",13
793,"2013-11-30",40
794,"2013-11-30",25
795,"2013-11-30",18
796,"2013-11-30",12
797,"2013-11-30",49
798,"2013-11-30",36
799,"2013-11-30",17
800,"2013-11-30",11
801,"2013-11-30",62
808,"2013-11-30",14
809,"2013-11-30",26
822,"2013-11-30",9
835,"2013-11-30",24
836,"2013-11-30",17
858,"2013-11-30",61
859,"2013-11-30",82
864,"2013-11-30",190
865,"2013-11-30",85
867,"2013-11-30",141
868,"2013-11-30",37
869,"2013-11-30",120
870,"2013-11-30",128
873,"2013-11-30",5
874,"2013-11-30",33
875,"2013-11-30",93
876,"2013-11-30",116
877,"2013-11-30",118
880,"2013-11-30",67
881,"2013-11-30",67
883,"2013-11-30",113
884,"2013-11-30",183
885,"2013-11-30",10
886,"2013-11-30",8
889,"2013-11-30",19
892,"2013-11-30",18
893,"2013-11-30",11
895,"2013-11-30",16
896,"2013-11-30",2
899,"2013-11-30",11
900,"2013-11-30",15
904,"2013-11-30",30
905,"2013-11-30",30
909,"2013-11-30",17
910,"2013-11-30",9
916,"2013-11-30",15
917,"2013-11-30",26
920,"2013-11-30",14
924,"2013-11-30",16
925,"2013-11-30",38
937,"2013-11-30",24
938,"2013-11-30",37
939,"2013-11-30",19
940,"2013-11-30",17
944,"2013-11-30",11
945,"2013-11-30",35
948,"2013-11-30",26
949,"2013-11-30",6
951,"2013-11-30",26
952,"2013-11-30",24
953,"2013-11-30",33
954,"2013-11-30",38
955,"2013-11-30",17
956,"2013-11-30",4
957,"2013-11-30",42
958,"2013-11-30",29
959,"2013-11-30",22
960,"2013-11-30",7
961,"2013-11-30",35
962,"2013-11-30",26
963,"2013-11-30",11
964,"2013-11-30",6
965,"2013-11-30",37
966,"2013-11-30",42
967,"2013-11-30",24
968,"2013-11-30",12
969,"2013-11-30",45
970,"2013-11-30",12
971,"2013-11-30",13
972,"2013-11-30",43
973,"2013-11-30",75
974,"2013-11-30",29
975,"2013-11-30",12
976,"2013-11-30",85
977,"2013-11-30",23
978,"2013-11-30",9
979,"2013-11-30",40
980,"2013-11-30",20
981,"2013-11-30",31
982,"2013-11-30",10
983,"2013-11-30",15
984,"2013-11-30",10
985,"2013-11-30",12
986,"2013-11-30",11
987,"2013-11-30",12
988,"2013-11-30",18
989,"2013-11-30",21
990,"2013-11-30",15
991,"2013-11-30",16
992,"2013-11-30",18
993,"2013-11-30",17
996,"2013-11-30",24
997,"2013-11-30",16
998,"2013-11-30",69
999,"2013-11-30",57
707,"2013-12-31",60
708,"2013-12-31",109
711,"2013-12-31",98
712,"2013-12-31",118
714,"2013-12-31",85
715,"2013-12-31",123
716,"2013-12-31",47
722,"2013-12-31",14
738,"2013-12-31",20
742,"2013-12-31",16
743,"2013-12-31",27
747,"2013-12-31",27
748,"2013-12-31",35
760,"2013-12-31",2
761,"2013-12-31",1
762,"2013-12-31",2
763,"2013-12-31",1
765,"2013-12-31",1
770,"2013-12-31",1
779,"2013-12-31",72
780,"2013-12-31",72
781,"2013-12-31",64
782,"2013-12-31",89
783,"2013-12-31",73
784,"2013-12-31",63
792,"2013-12-31",36
793,"2013-12-31",57
794,"2013-12-31",58
795,"2013-12-31",35
796,"2013-12-31",37
797,"2013-12-31",67
798,"2013-12-31",54
799,"2013-12-31",38
800,"2013-12-31",39
801,"2013-12-31",65
808,"2013-12-31",29
809,"2013-12-31",47
822,"2013-12-31",19
835,"2013-12-31",28
836,"2013-12-31",15
858,"2013-12-31",64
859,"2013-12-31",65
864,"2013-12-31",235
865,"2013-12-31",83
867,"2013-12-31",213
868,"2013-12-31",66
869,"2013-12-31",155
870,"2013-12-31",121
873,"2013-12-31",12
874,"2013-12-31",72
875,"2013-12-31",157
876,"2013-12-31",142
877,"2013-12-31",108
880,"2013-12-31",75
881,"2013-12-31",70
883,"2013-12-31",110
884,"2013-12-31",178
885,"2013-12-31",26
886,"2013-12-31",26
889,"2013-12-31",24
892,"2013-12-31",34
893,"2013-12-31",21
895,"2013-12-31",20
896,"2013-12-31",18
899,"2013-12-31",18
900,"2013-12-31",12
904,"2013-12-31",41
905,"2013-12-31",48
909,"2013-12-31",26
910,"2013-12-31",19
916,"2013-12-31",16
917,"2013-12-31",54
920,"2013-12-31",27
924,"2013-12-31",26
925,"2013-12-31",54
937,"2013-12-31",49
938,"2013-12-31",53
939,"2013-12-31",31
940,"2013-12-31",35
944,"2013-12-31",25
945,"2013-12-31",38
948,"2013-12-31",32
949,"2013-12-31",20
951,"2013-12-31",35
952,"2013-12-31",39
953,"2013-12-31",45
954,"2013-12-31",58
955,"2013-12-31",34
956,"2013-12-31",13
957,"2013-12-31",65
958,"2013-12-31",34
959,"2013-12-31",29
960,"2013-12-31",14
961,"2013-12-31",50
962,"2013-12-31",47
963,"2013-12-31",27
964,"2013-12-31",16
965,"2013-12-31",38
966,"2013-12-31",63
967,"2013-12-31",31
968,"2013-12-31",12
969,"2013-12-31",73
970,"2013-12-31",38
971,"2013-12-31",10
972,"2013-12-31",69
973,"2013-12-31",97
974,"2013-12-31",49
975,"2013-12-31",44
976,"2013-12-31",96
977,"2013-12-31",58
978,"2013-12-31",7
979,"2013-12-31",46
980,"2013-12-31",22
981,"2013-12-31",45
982,"2013-12-31",30
983,"2013-12-31",18
984,"2013-12-31",22
985,"2013-12-31",22
986,"2013-12-31",25
987,"2013-12-31",29
988,"2013-12-31",40
989,"2013-12-31",19
990,"2013-12-31",21
991,"2013-12-31",22
992,"2013-12-31",15
993,"2013-12-31",16
996,"2013-12-31",40
997,"2013-12-31",44
998,"2013-12-31",83
999,"2013-12-31",65
792,"2014-01-28",1
861,"2014-01-28",1
862,"2014-01-28",1
863,"2014-01-28",2
707,"2014-01-29",73
708,"2014-01-29",116
711,"2014-01-29",102
712,"2014-01-29",150
714,"2014-01-29",48
715,"2014-01-29",149
716,"2014-01-29",50
722,"2014-01-29",10
738,"2014-01-29",29
742,"2014-01-29",18
743,"2014-01-29",23
747,"2014-01-29",13
748,"2014-01-29",21
779,"2014-01-29",62
780,"2014-01-29",52
781,"2014-01-29",51
782,"2014-01-29",106
783,"2014-01-29",62
784,"2014-01-29",59
792,"2014-01-29",25
793,"2014-01-29",52
794,"2014-01-29",36
795,"2014-01-29",21
796,"2014-01-29",25
797,"2014-01-29",49
798,"2014-01-29",28
799,"2014-01-29",19
800,"2014-01-29",24
801,"2014-01-29",40
808,"2014-01-29",29
809,"2014-01-29",46
822,"2014-01-29",15
835,"2014-01-29",16
836,"2014-01-29",16
858,"2014-01-29",58
859,"2014-01-29",53
864,"2014-01-29",256
865,"2014-01-29",95
867,"2014-01-29",190
868,"2014-01-29",38
869,"2014-01-29",223
870,"2014-01-29",109
873,"2014-01-29",10
874,"2014-01-29",54
875,"2014-01-29",133
876,"2014-01-29",135
877,"2014-01-29",105
880,"2014-01-29",71
881,"2014-01-29",56
883,"2014-01-29",127
884,"2014-01-29",205
885,"2014-01-29",15
886,"2014-01-29",17
889,"2014-01-29",18
892,"2014-01-29",9
893,"2014-01-29",19
895,"2014-01-29",15
896,"2014-01-29",16
899,"2014-01-29",22
900,"2014-01-29",18
904,"2014-01-29",64
905,"2014-01-29",55
909,"2014-01-29",30
910,"2014-01-29",25
916,"2014-01-29",20
917,"2014-01-29",54
920,"2014-01-29",26
924,"2014-01-29",27
925,"2014-01-29",41
937,"2014-01-29",45
938,"2014-01-29",43
939,"2014-01-29",30
940,"2014-01-29",27
944,"2014-01-29",33
945,"2014-01-29",54
948,"2014-01-29",69
949,"2014-01-29",20
951,"2014-01-29",65
952,"2014-01-29",64
953,"2014-01-29",78
954,"2014-01-29",74
955,"2014-01-29",51
956,"2014-01-29",37
957,"2014-01-29",90
958,"2014-01-29",59
959,"2014-01-29",38
960,"2014-01-29",33
961,"2014-01-29",81
962,"2014-01-29",51
963,"2014-01-29",46
964,"2014-01-29",32
965,"2014-01-29",90
966,"2014-01-29",65
967,"2014-01-29",47
968,"2014-01-29",30
969,"2014-01-29",79
970,"2014-01-29",44
971,"2014-01-29",31
972,"2014-01-29",72
973,"2014-01-29",87
974,"2014-01-29",57
975,"2014-01-29",18
976,"2014-01-29",111
977,"2014-01-29",38
978,"2014-01-29",38
979,"2014-01-29",77
980,"2014-01-29",24
981,"2014-01-29",22
982,"2014-01-29",23
983,"2014-01-29",33
984,"2014-01-29",24
985,"2014-01-29",22
986,"2014-01-29",20
987,"2014-01-29",15
988,"2014-01-29",31
989,"2014-01-29",18
990,"2014-01-29",22
991,"2014-01-29",20
992,"2014-01-29",23
993,"2014-01-29",25
996,"2014-01-29",42
997,"2014-01-29",14
998,"2014-01-29",101
999,"2014-01-29",66
711,"2014-02-28",2
726,"2014-02-28",1
760,"2014-02-28",1
822,"2014-02-28",4
835,"2014-02-28",1
836,"2014-02-28",1
855,"2014-02-28",2
856,"2014-02-28",2
707,"2014-03-01",167
708,"2014-03-01",151
711,"2014-03-01",156
712,"2014-03-01",206
714,"2014-03-01",116
715,"2014-03-01",205
716,"2014-03-01",76
717,"2014-03-01",11
718,"2014-03-01",9
722,"2014-03-01",24
736,"2014-03-01",2
738,"2014-03-01",29
739,"2014-03-01",6
742,"2014-03-01",15
743,"2014-03-01",39
747,"2014-03-01",17
748,"2014-03-01",34
779,"2014-03-01",59
780,"2014-03-01",50
781,"2014-03-01",41
782,"2014-03-01",63
783,"2014-03-01",54
784,"2014-03-01",52
792,"2014-03-01",13
793,"2014-03-01",43
794,"2014-03-01",42
795,"2014-03-01",19
796,"2014-03-01",18
797,"2014-03-01",38
798,"2014-03-01",37
799,"2014-03-01",33
800,"2014-03-01",12
801,"2014-03-01",56
808,"2014-03-01",25
809,"2014-03-01",25
810,"2014-03-01",17
813,"2014-03-01",19
822,"2014-03-01",33
835,"2014-03-01",28
836,"2014-03-01",30
838,"2014-03-01",9
858,"2014-03-01",76
859,"2014-03-01",133
860,"2014-03-01",49
864,"2014-03-01",246
865,"2014-03-01",132
867,"2014-03-01",200
868,"2014-03-01",41
869,"2014-03-01",220
870,"2014-03-01",175
873,"2014-03-01",65
874,"2014-03-01",59
875,"2014-03-01",109
876,"2014-03-01",180
877,"2014-03-01",181
880,"2014-03-01",126
881,"2014-03-01",112
883,"2014-03-01",190
884,"2014-03-01",239
885,"2014-03-01",17
886,"2014-03-01",26
887,"2014-03-01",1
889,"2014-03-01",30
890,"2014-03-01",4
891,"2014-03-01",4
892,"2014-03-01",37
893,"2014-03-01",16
894,"2014-03-01",28
895,"2014-03-01",18
896,"2014-03-01",16
899,"2014-03-01",12
900,"2014-03-01",12
904,"2014-03-01",57
905,"2014-03-01",30
906,"2014-03-01",10
907,"2014-03-01",4
908,"2014-03-01",20
909,"2014-03-01",20
910,"2014-03-01",35
913,"2014-03-01",5
916,"2014-03-01",25
917,"2014-03-01",32
918,"2014-03-01",27
920,"2014-03-01",18
924,"2014-03-01",18
925,"2014-03-01",39
926,"2014-03-01",38
935,"2014-03-01",23
936,"2014-03-01",18
937,"2014-03-01",41
938,"2014-03-01",53
939,"2014-03-01",50
940,"2014-03-01",69
944,"2014-03-01",18
945,"2014-03-01",42
947,"2014-03-01",5
948,"2014-03-01",36
949,"2014-03-01",22
951,"2014-03-01",21
952,"2014-03-01",39
953,"2014-03-01",42
954,"2014-03-01",38
955,"2014-03-01",25
956,"2014-03-01",8
957,"2014-03-01",42
958,"2014-03-01",41
959,"2014-03-01",18
960,"2014-03-01",9
961,"2014-03-01",30
962,"2014-03-01",39
963,"2014-03-01",13
964,"2014-03-01",5
965,"2014-03-01",40
966,"2014-03-01",48
967,"2014-03-01",30
968,"2014-03-01",10
969,"2014-03-01",72
970,"2014-03-01",22
971,"2014-03-01",13
972,"2014-03-01",43
973,"2014-03-01",108
974,"2014-03-01",50
975,"2014-03-01",14
976,"2014-03-01",94
977,"2014-03-01",29
978,"2014-03-01",13
979,"2014-03-01",55
980,"2014-03-01",23
981,"2014-03-01",29
982,"2014-03-01",12
983,"2014-03-01",16
984,"2014-03-01",17
985,"2014-03-01",23
986,"2014-03-01",19
987,"2014-03-01",16
988,"2014-03-01",24
989,"2014-03-01",26
990,"2014-03-01",15
991,"2014-03-01",20
992,"2014-03-01",34
993,"2014-03-01",19
994,"2014-03-01",26
996,"2014-03-01",24
997,"2014-03-01",13
998,"2014-03-01",94
999,"2014-03-01",79
712,"2014-03-30",4
715,"2014-03-30",2
730,"2014-03-30",1
760,"2014-03-30",5
761,"2014-03-30",2
762,"2014-03-30",3
763,"2014-03-30",1
765,"2014-03-30",1
854,"2014-03-30",4
707,"2014-03-31",176
708,"2014-03-31",203
711,"2014-03-31",209
712,"2014-03-31",254
714,"2014-03-31",115
715,"2014-03-31",210
716,"2014-03-31",63
717,"2014-03-31",15
718,"2014-03-31",18
722,"2014-03-31",22
738,"2014-03-31",57
739,"2014-03-31",14
742,"2014-03-31",23
743,"2014-03-31",44
747,"2014-03-31",23
748,"2014-03-31",53
779,"2014-03-31",80
780,"2014-03-31",85
781,"2014-03-31",64
782,"2014-03-31",114
783,"2014-03-31",75
784,"2014-03-31",66
792,"2014-03-31",38
793,"2014-03-31",54
794,"2014-03-31",45
795,"2014-03-31",46
796,"2014-03-31",32
797,"2014-03-31",64
798,"2014-03-31",56
799,"2014-03-31",45
800,"2014-03-31",45
801,"2014-03-31",61
808,"2014-03-31",51
809,"2014-03-31",63
810,"2014-03-31",19
813,"2014-03-31",39
822,"2014-03-31",46
835,"2014-03-31",59
836,"2014-03-31",34
838,"2014-03-31",13
858,"2014-03-31",68
859,"2014-03-31",133
860,"2014-03-31",46
864,"2014-03-31",422
865,"2014-03-31",189
867,"2014-03-31",284
868,"2014-03-31",80
869,"2014-03-31",263
870,"2014-03-31",261
873,"2014-03-31",57
874,"2014-03-31",153
875,"2014-03-31",223
876,"2014-03-31",291
877,"2014-03-31",200
880,"2014-03-31",190
881,"2014-03-31",102
883,"2014-03-31",193
884,"2014-03-31",302
885,"2014-03-31",44
886,"2014-03-31",34
887,"2014-03-31",15
888,"2014-03-31",10
889,"2014-03-31",52
890,"2014-03-31",17
891,"2014-03-31",14
892,"2014-03-31",42
893,"2014-03-31",36
894,"2014-03-31",35
895,"2014-03-31",29
896,"2014-03-31",20
899,"2014-03-31",22
900,"2014-03-31",24
904,"2014-03-31",76
905,"2014-03-31",46
906,"2014-03-31",13
907,"2014-03-31",6
908,"2014-03-31",48
909,"2014-03-31",47
910,"2014-03-31",50
913,"2014-03-31",7
915,"2014-03-31",2
916,"2014-03-31",32
917,"2014-03-31",52
918,"2014-03-31",52
920,"2014-03-31",33
924,"2014-03-31",26
925,"2014-03-31",51
926,"2014-03-31",45
935,"2014-03-31",50
936,"2014-03-31",37
937,"2014-03-31",72
938,"2014-03-31",96
939,"2014-03-31",72
940,"2014-03-31",63
941,"2014-03-31",1
944,"2014-03-31",30
945,"2014-03-31",62
947,"2014-03-31",16
948,"2014-03-31",61
949,"2014-03-31",40
951,"2014-03-31",48
952,"2014-03-31",54
953,"2014-03-31",73
954,"2014-03-31",91
955,"2014-03-31",44
956,"2014-03-31",12
957,"2014-03-31",83
958,"2014-03-31",49
959,"2014-03-31",28
960,"2014-03-31",9
961,"2014-03-31",82
962,"2014-03-31",45
963,"2014-03-31",38
964,"2014-03-31",15
965,"2014-03-31",77
966,"2014-03-31",57
967,"2014-03-31",43
968,"2014-03-31",7
969,"2014-03-31",82
970,"2014-03-31",34
971,"2014-03-31",17
972,"2014-03-31",90
973,"2014-03-31",119
974,"2014-03-31",65
975,"2014-03-31",39
976,"2014-03-31",135
977,"2014-03-31",53
978,"2014-03-31",20
979,"2014-03-31",55
980,"2014-03-31",21
981,"2014-03-31",56
982,"2014-03-31",22
983,"2014-03-31",17
984,"2014-03-31",35
985,"2014-03-31",45
986,"2014-03-31",35
987,"2014-03-31",47
988,"2014-03-31",41
989,"2014-03-31",16
990,"2014-03-31",24
991,"2014-03-31",17
992,"2014-03-31",37
993,"2014-03-31",15
994,"2014-03-31",40
996,"2014-03-31",28
997,"2014-03-31",37
998,"2014-03-31",110
999,"2014-03-31",86
711,"2014-04-30",2
835,"2014-04-30",2
852,"2014-04-30",2
856,"2014-04-30",4
861,"2014-04-30",1
862,"2014-04-30",2
863,"2014-04-30",5
707,"2014-05-01",171
708,"2014-05-01",209
711,"2014-05-01",204
712,"2014-05-01",218
714,"2014-05-01",110
715,"2014-05-01",241
716,"2014-05-01",54
717,"2014-05-01",17
718,"2014-05-01",17
722,"2014-05-01",23
736,"2014-05-01",1
738,"2014-05-01",46
739,"2014-05-01",14
742,"2014-05-01",35
743,"2014-05-01",49
747,"2014-05-01",33
748,"2014-05-01",46
779,"2014-05-01",84
780,"2014-05-01",54
781,"2014-05-01",69
782,"2014-05-01",121
783,"2014-05-01",97
784,"2014-05-01",67
792,"2014-05-01",23
793,"2014-05-01",39
794,"2014-05-01",48
795,"2014-05-01",35
796,"2014-05-01",24
797,"2014-05-01",58
798,"2014-05-01",42
799,"2014-05-01",31
800,"2014-05-01",17
801,"2014-05-01",54
808,"2014-05-01",30
809,"2014-05-01",65
810,"2014-05-01",26
813,"2014-05-01",25
822,"2014-05-01",25
835,"2014-05-01",49
836,"2014-05-01",40
838,"2014-05-01",22
858,"2014-05-01",64
859,"2014-05-01",155
860,"2014-05-01",42
864,"2014-05-01",383
865,"2014-05-01",174
867,"2014-05-01",263
868,"2014-05-01",68
869,"2014-05-01",246
870,"2014-05-01",223
873,"2014-05-01",67
874,"2014-05-01",91
875,"2014-05-01",207
876,"2014-05-01",253
877,"2014-05-01",238
880,"2014-05-01",208
881,"2014-05-01",130
883,"2014-05-01",257
884,"2014-05-01",296
885,"2014-05-01",52
886,"2014-05-01",36
887,"2014-05-01",5
888,"2014-05-01",2
889,"2014-05-01",63
890,"2014-05-01",12
891,"2014-05-01",17
892,"2014-05-01",66
893,"2014-05-01",49
894,"2014-05-01",51
895,"2014-05-01",24
896,"2014-05-01",15
899,"2014-05-01",17
900,"2014-05-01",15
904,"2014-05-01",81
905,"2014-05-01",59
906,"2014-05-01",5
907,"2014-05-01",23
908,"2014-05-01",43
909,"2014-05-01",58
910,"2014-05-01",50
913,"2014-05-01",6
915,"2014-05-01",3
916,"2014-05-01",48
917,"2014-05-01",51
918,"2014-05-01",42
920,"2014-05-01",32
924,"2014-05-01",33
925,"2014-05-01",45
926,"2014-05-01",42
935,"2014-05-01",56
936,"2014-05-01",40
937,"2014-05-01",85
938,"2014-05-01",67
939,"2014-05-01",56
940,"2014-05-01",53
941,"2014-05-01",10
944,"2014-05-01",46
945,"2014-05-01",90
947,"2014-05-01",32
948,"2014-05-01",69
949,"2014-05-01",65
951,"2014-05-01",58
952,"2014-05-01",84
953,"2014-05-01",64
954,"2014-05-01",75
955,"2014-05-01",59
956,"2014-05-01",34
957,"2014-05-01",109
958,"2014-05-01",66
959,"2014-05-01",57
960,"2014-05-01",36
961,"2014-05-01",77
962,"2014-05-01",69
963,"2014-05-01",48
964,"2014-05-01",34
965,"2014-05-01",73
966,"2014-05-01",94
967,"2014-05-01",53
968,"2014-05-01",37
969,"2014-05-01",80
970,"2014-05-01",49
971,"2014-05-01",24
972,"2014-05-01",96
973,"2014-05-01",80
974,"2014-05-01",67
975,"2014-05-01",21
976,"2014-05-01",113
977,"2014-05-01",53
978,"2014-05-01",21
979,"2014-05-01",81
980,"2014-05-01",22
981,"2014-05-01",28
982,"2014-05-01",28
983,"2014-05-01",33
984,"2014-05-01",30
985,"2014-05-01",40
986,"2014-05-01",22
987,"2014-05-01",39
988,"2014-05-01",48
989,"2014-05-01",18
990,"2014-05-01",19
991,"2014-05-01",21
992,"2014-05-01",33
993,"2014-05-01",24
994,"2014-05-01",59
996,"2014-05-01",75
997,"2014-05-01",24
998,"2014-05-01",96
999,"2014-05-01",77
